date,page,query,country,device,clicks,impressions,ctr,position
2025-12-20,https://prorenata.jp/posts/nursing-assistant-resume-writing,看護助手 職務経歴書,jpn,MOBILE,1,2,0.5,23.5
2025-12-26,https://prorenata.jp/posts/nursing-assistant-patient-transfer-safety,ストレッチャー 使い方,jpn,DESKTOP,1,1,1.0,7.0
2026-01-06,https://prorenata.jp/posts/nursing-assistant-interview-tips-motivation,看護助手 自己pr 例文,jpn,MOBILE,1,3,0.3333333333333333,9.333333333333334
2025-12-10,https://prorenata.jp/posts/nursing-assistant-aptitude-test,看護 師 に 向い て いるか 診断,jpn,DESKTOP,0,1,0.0,32.0
2025-12-10,https://prorenata.jp/posts/nursing-assistant-aptitude-test,看護 師 向い てる 人 診断,jpn,DESKTOP,0,1,0.0,50.0
2025-12-10,https://prorenata.jp/posts/nursing-assistant-aptitude-test,看護 師 適性 チェック,jpn,DESKTOP,0,1,0.0,46.0
2025-12-10,https://prorenata.jp/posts/nursing-assistant-become-nurse-guide,看護助手から看護師になるには,jpn,MOBILE,0,2,0.0,1.0
2025-12-10,https://prorenata.jp/posts/nursing-assistant-daily-schedule,看護助手 1日の流れ,jpn,DESKTOP,0,1,0.0,26.0
2025-12-10,https://prorenata.jp/posts/nursing-assistant-daily-schedule,看護助手 1日の流れ,jpn,MOBILE,0,1,0.0,41.0
2025-12-10,https://prorenata.jp/posts/nursing-assistant-essentials-checklist,看護助手 準備,jpn,DESKTOP,0,3,0.0,8.0
2025-12-10,https://prorenata.jp/posts/nursing-assistant-essentials-checklist,看護助手 準備,jpn,MOBILE,0,11,0.0,7.0
2025-12-10,https://prorenata.jp/posts/nursing-assistant-interview-prep,看護助手 面接,jpn,DESKTOP,0,1,0.0,27.0
2025-12-10,https://prorenata.jp/posts/nursing-assistant-interview-prep,看護助手 面接,jpn,MOBILE,0,1,0.0,27.0
2025-12-10,https://prorenata.jp/posts/nursing-assistant-interview-prep,看護助手 面接 対策,jpn,DESKTOP,0,2,0.0,15.0
2025-12-10,https://prorenata.jp/posts/nursing-assistant-interview-prep,看護助手 面接 対策,jpn,MOBILE,0,2,0.0,20.5
2025-12-10,https://prorenata.jp/posts/nursing-assistant-job-change-manual,看護助手 面接 対策,jpn,DESKTOP,0,2,0.0,40.0
2025-12-10,https://prorenata.jp/posts/nursing-assistant-job-change-manual,看護助手 面接 対策,jpn,MOBILE,0,2,0.0,42.5
2025-12-10,https://prorenata.jp/posts/nursing-assistant-latest-salary-comparison,看護助手 年収,jpn,DESKTOP,0,1,0.0,42.0
2025-12-10,https://prorenata.jp/posts/nursing-assistant-latest-salary-comparison,看護助手 給料,jpn,DESKTOP,0,1,0.0,53.0
2025-12-10,https://prorenata.jp/posts/nursing-assistant-latest-salary-comparison,看護助手 給料,jpn,MOBILE,0,1,0.0,56.0
2025-12-10,https://prorenata.jp/posts/nursing-assistant-operating-room-duties,看護助手 手術室,jpn,MOBILE,0,1,0.0,12.0
2025-12-10,https://prorenata.jp/posts/nursing-assistant-patient-transfer-safety,スト レッチャー 移送 看護,jpn,DESKTOP,0,1,0.0,48.0
2025-12-10,https://prorenata.jp/posts/nursing-assistant-patient-transfer-safety,スト レッチャー 移送 看護,jpn,MOBILE,0,1,0.0,48.0
2025-12-10,https://prorenata.jp/posts/nursing-assistant-patient-transfer-safety,ストレッチャー 上り坂,jpn,MOBILE,0,1,0.0,10.0
2025-12-10,https://prorenata.jp/posts/nursing-assistant-resume-writing,看護助手 履歴書,jpn,DESKTOP,0,4,0.0,25.5
2025-12-10,https://prorenata.jp/posts/nursing-assistant-resume-writing,看護助手 履歴書,jpn,MOBILE,0,5,0.0,27.0
2025-12-10,https://prorenata.jp/posts/nursing-assistant-resume-writing,看護助手 履歴書 書き方,jpn,DESKTOP,0,1,0.0,18.0
2025-12-10,https://prorenata.jp/posts/nursing-assistant-resume-writing,看護助手 履歴書 書き方,jpn,MOBILE,0,1,0.0,19.0
2025-12-10,https://prorenata.jp/posts/nursing-assistant-resume-writing,看護助手 職務経歴書,jpn,DESKTOP,0,1,0.0,25.0
2025-12-10,https://prorenata.jp/posts/nursing-assistant-resume-writing,看護助手 職務経歴書,jpn,MOBILE,0,2,0.0,26.0
2025-12-10,https://prorenata.jp/posts/nursing-assistant-resume-writing,看護助手 職務経歴書 書き方,jpn,DESKTOP,0,1,0.0,19.0
2025-12-10,https://prorenata.jp/posts/nursing-assistant-resume-writing,看護助手 職務経歴書 書き方,jpn,MOBILE,0,1,0.0,17.0
2025-12-10,https://prorenata.jp/posts/nursing-assistant-stressful-relationships-solutions,看護助手 人間関係,jpn,DESKTOP,0,1,0.0,32.0
2025-12-10,https://prorenata.jp/posts/nursing-assistant-stressful-relationships-solutions,看護助手 人間関係,jpn,MOBILE,0,2,0.0,34.5
2025-12-10,https://prorenata.jp/posts/nursing-assistant-stressful-relationships-solutions,看護助手 人間関係 最悪,jpn,MOBILE,0,1,0.0,24.0
2025-12-10,https://prorenata.jp/posts/nursing-assistant-stressful-relationships-solutions,看護助手 辛い,jpn,DESKTOP,0,3,0.0,26.0
2025-12-10,https://prorenata.jp/posts/nursing-assistant-stressful-relationships-solutions,看護助手 辛い,jpn,MOBILE,0,3,0.0,29.666666666666668
2025-12-10,https://prorenata.jp/posts/nursing-assistant-suitable-person-characteristics,看護助手 向いている人,jpn,DESKTOP,0,1,0.0,50.0
2025-12-10,https://prorenata.jp/posts/nursing-assistant-suitable-person-characteristics,看護助手 向いている人,jpn,MOBILE,0,1,0.0,39.0
2025-12-10,https://prorenata.jp/posts/nursing-assistant-suitable-person-characteristics,看護助手 向いてる人,jpn,DESKTOP,0,1,0.0,52.0
2025-12-10,https://prorenata.jp/posts/nursing-assistant-suitable-person-characteristics,看護助手 向いてる人,jpn,MOBILE,0,1,0.0,56.0
2025-12-11,https://prorenata.jp/posts/nursing-assistant-aptitude-test,看護 師 に 向い て いるか 診断,jpn,DESKTOP,0,1,0.0,40.0
2025-12-11,https://prorenata.jp/posts/nursing-assistant-aptitude-test,看護 師 科 適性 診断,jpn,DESKTOP,0,1,0.0,35.0
2025-12-11,https://prorenata.jp/posts/nursing-assistant-become-nurse-guide,看護助手から看護師になるには,jpn,MOBILE,0,3,0.0,1.0
2025-12-11,https://prorenata.jp/posts/nursing-assistant-daily-schedule,看護助手 1日の流れ,jpn,DESKTOP,0,1,0.0,28.0
2025-12-11,https://prorenata.jp/posts/nursing-assistant-daily-schedule,看護助手 1日の流れ,jpn,MOBILE,0,1,0.0,34.0
2025-12-11,https://prorenata.jp/posts/nursing-assistant-essentials-checklist,看護助手 準備,jpn,MOBILE,0,18,0.0,7.555555555555555
2025-12-11,https://prorenata.jp/posts/nursing-assistant-interview-prep,看護助手 面接,jpn,MOBILE,0,3,0.0,26.666666666666668
2025-12-11,https://prorenata.jp/posts/nursing-assistant-interview-prep,看護助手 面接 対策,jpn,DESKTOP,0,1,0.0,17.0
2025-12-11,https://prorenata.jp/posts/nursing-assistant-interview-prep,看護助手 面接 対策,jpn,MOBILE,0,2,0.0,23.0
2025-12-11,https://prorenata.jp/posts/nursing-assistant-job-change-manual,看護助手 面接 対策,jpn,DESKTOP,0,1,0.0,44.0
2025-12-11,https://prorenata.jp/posts/nursing-assistant-job-change-manual,看護助手 面接 対策,jpn,MOBILE,0,1,0.0,49.0
2025-12-11,https://prorenata.jp/posts/nursing-assistant-patient-transfer-safety,スト レッチャー 移送 看護,jpn,DESKTOP,0,2,0.0,46.5
2025-12-11,https://prorenata.jp/posts/nursing-assistant-patient-transfer-safety,スト レッチャー 移送 看護,jpn,MOBILE,0,2,0.0,47.5
2025-12-11,https://prorenata.jp/posts/nursing-assistant-patient-transfer-safety,ストレッチャー 下り坂,jpn,MOBILE,0,1,0.0,10.0
2025-12-11,https://prorenata.jp/posts/nursing-assistant-patient-transfer-safety,ストレッチャー 使い方,jpn,DESKTOP,0,1,0.0,16.0
2025-12-11,https://prorenata.jp/posts/nursing-assistant-quit-retirement,看護助手 やめたほうがいい,jpn,DESKTOP,0,1,0.0,87.0
2025-12-11,https://prorenata.jp/posts/nursing-assistant-quit-retirement,看護助手 やめたほうがいい,jpn,MOBILE,0,1,0.0,77.0
2025-12-11,https://prorenata.jp/posts/nursing-assistant-resume-writing,看護助手 履歴書,jpn,DESKTOP,0,2,0.0,26.0
2025-12-11,https://prorenata.jp/posts/nursing-assistant-resume-writing,看護助手 履歴書,jpn,MOBILE,0,4,0.0,28.75
2025-12-11,https://prorenata.jp/posts/nursing-assistant-resume-writing,看護助手 履歴書 書き方,jpn,MOBILE,0,1,0.0,19.0
2025-12-11,https://prorenata.jp/posts/nursing-assistant-resume-writing,看護助手 職務経歴書,jpn,DESKTOP,0,1,0.0,24.0
2025-12-11,https://prorenata.jp/posts/nursing-assistant-resume-writing,看護助手 職務経歴書,jpn,MOBILE,0,1,0.0,26.0
2025-12-11,https://prorenata.jp/posts/nursing-assistant-resume-writing,看護助手 職務経歴書 書き方,jpn,MOBILE,0,1,0.0,17.0
2025-12-11,https://prorenata.jp/posts/nursing-assistant-stressful-relationships-solutions,看護助手 辛い,jpn,DESKTOP,0,2,0.0,23.0
2025-12-11,https://prorenata.jp/posts/nursing-assistant-stressful-relationships-solutions,看護助手 辛い,jpn,MOBILE,0,1,0.0,24.0
2025-12-11,https://prorenata.jp/posts/nursing-assistant-suitable-person-characteristics,看護助手 向いている人,jpn,DESKTOP,0,1,0.0,40.0
2025-12-11,https://prorenata.jp/posts/nursing-assistant-suitable-person-characteristics,看護助手 向いてる人,jpn,DESKTOP,0,2,0.0,50.5
2025-12-11,https://prorenata.jp/posts/nursing-assistant-suitable-person-characteristics,看護助手向いてる人,jpn,DESKTOP,0,1,0.0,49.0
2025-12-11,https://prorenata.jp/posts/nursing-scholarship-interest-risk,学生支援機構 奨学金 金利,jpn,DESKTOP,0,1,0.0,4.0
2025-12-12,https://prorenata.jp/posts/nursing-assistant-aptitude-test,看護 師 に 向い て いるか 診断,jpn,DESKTOP,0,1,0.0,37.0
2025-12-12,https://prorenata.jp/posts/nursing-assistant-aptitude-test,看護 師 向い て いる 診断,jpn,DESKTOP,0,1,0.0,30.0
2025-12-12,https://prorenata.jp/posts/nursing-assistant-become-nurse-guide,看護助手から看護師になるには,jpn,MOBILE,0,5,0.0,1.0
2025-12-12,https://prorenata.jp/posts/nursing-assistant-daily-schedule,看護助手 1日の流れ,jpn,MOBILE,0,1,0.0,31.0
2025-12-12,https://prorenata.jp/posts/nursing-assistant-essentials-checklist,看護助手 準備,jpn,DESKTOP,0,5,0.0,6.6
2025-12-12,https://prorenata.jp/posts/nursing-assistant-essentials-checklist,看護助手 準備,jpn,MOBILE,0,11,0.0,7.0
2025-12-12,https://prorenata.jp/posts/nursing-assistant-interview-prep,看護助手 面接,jpn,DESKTOP,0,2,0.0,27.5
2025-12-12,https://prorenata.jp/posts/nursing-assistant-interview-prep,看護助手 面接,jpn,MOBILE,0,2,0.0,28.0
2025-12-12,https://prorenata.jp/posts/nursing-assistant-interview-prep,看護助手 面接 対策,jpn,DESKTOP,0,2,0.0,17.0
2025-12-12,https://prorenata.jp/posts/nursing-assistant-interview-prep,看護助手 面接 対策,jpn,MOBILE,0,2,0.0,23.0
2025-12-12,https://prorenata.jp/posts/nursing-assistant-job-change-manual,看護助手 面接 対策,jpn,DESKTOP,0,1,0.0,43.0
2025-12-12,https://prorenata.jp/posts/nursing-assistant-job-change-manual,看護助手 面接 対策,jpn,MOBILE,0,2,0.0,43.0
2025-12-12,https://prorenata.jp/posts/nursing-assistant-patient-transfer-safety,スト レッチャー 移送 エレベーター,jpn,DESKTOP,0,1,0.0,24.0
2025-12-12,https://prorenata.jp/posts/nursing-assistant-resume-writing,看護助手 履歴書,jpn,DESKTOP,0,1,0.0,35.0
2025-12-12,https://prorenata.jp/posts/nursing-assistant-resume-writing,看護助手 履歴書,jpn,MOBILE,0,3,0.0,25.333333333333332
2025-12-12,https://prorenata.jp/posts/nursing-assistant-resume-writing,看護助手 履歴書 書き方,jpn,DESKTOP,0,2,0.0,16.0
2025-12-12,https://prorenata.jp/posts/nursing-assistant-resume-writing,看護助手 履歴書 書き方,jpn,MOBILE,0,1,0.0,14.0
2025-12-12,https://prorenata.jp/posts/nursing-assistant-resume-writing,看護助手 志望動機,jpn,MOBILE,0,2,0.0,41.0
2025-12-12,https://prorenata.jp/posts/nursing-assistant-resume-writing,看護助手 職務経歴書,jpn,DESKTOP,0,1,0.0,23.0
2025-12-12,https://prorenata.jp/posts/nursing-assistant-resume-writing,看護助手 職務経歴書,jpn,MOBILE,0,1,0.0,39.0
2025-12-12,https://prorenata.jp/posts/nursing-assistant-resume-writing,看護助手 職務経歴書 書き方,jpn,DESKTOP,0,4,0.0,16.0
2025-12-12,https://prorenata.jp/posts/nursing-assistant-resume-writing,看護助手 職務経歴書 書き方,jpn,MOBILE,0,3,0.0,17.333333333333332
2025-12-12,https://prorenata.jp/posts/nursing-assistant-stressful-relationships-solutions,看護助手 辛い,jpn,DESKTOP,0,3,0.0,24.0
2025-12-12,https://prorenata.jp/posts/nursing-assistant-stressful-relationships-solutions,看護助手 辛い,jpn,MOBILE,0,3,0.0,23.333333333333332
2025-12-12,https://prorenata.jp/posts/nursing-assistant-suitable-person-characteristics,看護助手 向いている人,jpn,MOBILE,0,1,0.0,41.0
2025-12-13,https://prorenata.jp/posts/nursing-assistant-aptitude-test,看護 師 に 向い て いるか 診断,jpn,DESKTOP,0,1,0.0,41.0
2025-12-13,https://prorenata.jp/posts/nursing-assistant-aptitude-test,看護 師 科 適性 診断,jpn,MOBILE,0,1,0.0,43.0
2025-12-13,https://prorenata.jp/posts/nursing-assistant-aptitude-test,看護 師 適性 チェック,jpn,DESKTOP,0,1,0.0,44.0
2025-12-13,https://prorenata.jp/posts/nursing-assistant-become-nurse-guide,看護助手から看護師になるには,jpn,MOBILE,0,1,0.0,1.0
2025-12-13,https://prorenata.jp/posts/nursing-assistant-essentials-checklist,看護助手 準備,jpn,DESKTOP,0,2,0.0,9.0
2025-12-13,https://prorenata.jp/posts/nursing-assistant-essentials-checklist,看護助手 準備,jpn,MOBILE,0,17,0.0,7.352941176470588
2025-12-13,https://prorenata.jp/posts/nursing-assistant-interview-prep,看護助手 面接,jpn,DESKTOP,0,1,0.0,28.0
2025-12-13,https://prorenata.jp/posts/nursing-assistant-interview-prep,看護助手 面接,jpn,MOBILE,0,1,0.0,27.0
2025-12-13,https://prorenata.jp/posts/nursing-assistant-interview-prep,看護助手 面接 対策,jpn,DESKTOP,0,2,0.0,18.5
2025-12-13,https://prorenata.jp/posts/nursing-assistant-interview-prep,看護助手 面接 対策,jpn,MOBILE,0,2,0.0,22.5
2025-12-13,https://prorenata.jp/posts/nursing-assistant-interview-prep,看護助手 面接 逆質問,jpn,MOBILE,0,2,0.0,1.0
2025-12-13,https://prorenata.jp/posts/nursing-assistant-job-change-manual,看護助手 面接 対策,jpn,DESKTOP,0,1,0.0,38.0
2025-12-13,https://prorenata.jp/posts/nursing-assistant-job-change-manual,看護助手 面接 対策,jpn,MOBILE,0,1,0.0,43.0
2025-12-13,https://prorenata.jp/posts/nursing-assistant-operating-room-duties,看護助手 オペ室,jpn,MOBILE,0,1,0.0,11.0
2025-12-13,https://prorenata.jp/posts/nursing-assistant-operating-room-duties,看護助手 手術室,jpn,MOBILE,0,2,0.0,8.0
2025-12-13,https://prorenata.jp/posts/nursing-assistant-patient-transfer-safety,ストレッチャーの使い方,jpn,MOBILE,0,1,0.0,19.0
2025-12-13,https://prorenata.jp/posts/nursing-assistant-resume-writing,看護助手 履歴書,jpn,DESKTOP,0,2,0.0,31.5
2025-12-13,https://prorenata.jp/posts/nursing-assistant-resume-writing,看護助手 履歴書,jpn,MOBILE,0,1,0.0,26.0
2025-12-13,https://prorenata.jp/posts/nursing-assistant-resume-writing,看護助手 履歴書 書き方,jpn,DESKTOP,0,1,0.0,20.0
2025-12-13,https://prorenata.jp/posts/nursing-assistant-resume-writing,看護助手 履歴書 書き方,jpn,MOBILE,0,1,0.0,14.0
2025-12-13,https://prorenata.jp/posts/nursing-assistant-resume-writing,看護助手 志望動機,jpn,DESKTOP,0,2,0.0,31.0
2025-12-13,https://prorenata.jp/posts/nursing-assistant-resume-writing,看護助手 志望動機,jpn,MOBILE,0,6,0.0,34.0
2025-12-13,https://prorenata.jp/posts/nursing-assistant-resume-writing,看護助手 職務経歴書,jpn,DESKTOP,0,1,0.0,35.0
2025-12-13,https://prorenata.jp/posts/nursing-assistant-resume-writing,看護助手 職務経歴書,jpn,MOBILE,0,1,0.0,26.0
2025-12-13,https://prorenata.jp/posts/nursing-assistant-resume-writing,看護助手 職務経歴書 書き方,jpn,DESKTOP,0,2,0.0,17.0
2025-12-13,https://prorenata.jp/posts/nursing-assistant-resume-writing,看護助手 職務経歴書 書き方,jpn,MOBILE,0,3,0.0,18.0
2025-12-13,https://prorenata.jp/posts/nursing-assistant-stressful-relationships-solutions,看護助手 人間関係 最悪,jpn,MOBILE,0,2,0.0,11.0
2025-12-13,https://prorenata.jp/posts/nursing-assistant-stressful-relationships-solutions,看護助手 辛い,jpn,DESKTOP,0,2,0.0,19.0
2025-12-13,https://prorenata.jp/posts/nursing-assistant-stressful-relationships-solutions,看護助手 辛い,jpn,MOBILE,0,2,0.0,25.0
2025-12-13,https://prorenata.jp/posts/nursing-assistant-suitable-person-characteristics,看護助手 向いている人,jpn,DESKTOP,0,1,0.0,38.0
2025-12-13,https://prorenata.jp/posts/nursing-assistant-suitable-person-characteristics,看護助手 向いている人,jpn,MOBILE,0,1,0.0,40.0
2025-12-13,https://prorenata.jp/posts/nursing-assistant-workplace-fit-insights,看護助手 年収400万,jpn,MOBILE,0,1,0.0,1.0
2025-12-14,https://prorenata.jp/posts/nursing-assistant-aptitude-test,看護 師 に 向い て いるか 診断,jpn,DESKTOP,0,1,0.0,30.0
2025-12-14,https://prorenata.jp/posts/nursing-assistant-become-nurse-guide,看護師になるには 最短,jpn,DESKTOP,0,1,0.0,33.0
2025-12-14,https://prorenata.jp/posts/nursing-assistant-become-nurse-guide,看護師になるには 最短,jpn,MOBILE,0,1,0.0,43.0
2025-12-14,https://prorenata.jp/posts/nursing-assistant-daily-schedule,看護助手 1日の流れ,jpn,DESKTOP,0,1,0.0,31.0
2025-12-14,https://prorenata.jp/posts/nursing-assistant-essentials-checklist,看護助手 準備,jpn,DESKTOP,0,2,0.0,11.0
2025-12-14,https://prorenata.jp/posts/nursing-assistant-essentials-checklist,看護助手 準備,jpn,MOBILE,0,5,0.0,11.0
2025-12-14,https://prorenata.jp/posts/nursing-assistant-interview-prep,看護助手 面接,jpn,DESKTOP,0,1,0.0,27.0
2025-12-14,https://prorenata.jp/posts/nursing-assistant-interview-prep,看護助手 面接,jpn,MOBILE,0,2,0.0,27.0
2025-12-14,https://prorenata.jp/posts/nursing-assistant-interview-prep,看護助手 面接 対策,jpn,DESKTOP,0,2,0.0,16.0
2025-12-14,https://prorenata.jp/posts/nursing-assistant-interview-prep,看護助手 面接 対策,jpn,MOBILE,0,2,0.0,23.0
2025-12-14,https://prorenata.jp/posts/nursing-assistant-medical-terms,看護 用語 よく使う,jpn,MOBILE,0,1,0.0,7.0
2025-12-14,https://prorenata.jp/posts/nursing-assistant-patient-transfer-safety,スト レッチャー 移送 1 人,jpn,DESKTOP,0,1,0.0,25.0
2025-12-14,https://prorenata.jp/posts/nursing-assistant-resume-writing,看護助手 履歴書,jpn,DESKTOP,0,1,0.0,23.0
2025-12-14,https://prorenata.jp/posts/nursing-assistant-resume-writing,看護助手 履歴書,jpn,MOBILE,0,2,0.0,26.0
2025-12-14,https://prorenata.jp/posts/nursing-assistant-resume-writing,看護助手 履歴書 書き方,jpn,DESKTOP,0,1,0.0,14.0
2025-12-14,https://prorenata.jp/posts/nursing-assistant-resume-writing,看護助手 履歴書 書き方,jpn,MOBILE,0,1,0.0,19.0
2025-12-14,https://prorenata.jp/posts/nursing-assistant-resume-writing,看護助手 志望動機,jpn,DESKTOP,0,1,0.0,32.0
2025-12-14,https://prorenata.jp/posts/nursing-assistant-resume-writing,看護助手 志望動機,jpn,MOBILE,0,3,0.0,33.666666666666664
2025-12-14,https://prorenata.jp/posts/nursing-assistant-resume-writing,看護助手 志望動機 例文,jpn,MOBILE,0,1,0.0,29.0
2025-12-14,https://prorenata.jp/posts/nursing-assistant-resume-writing,看護助手 職務経歴書,jpn,DESKTOP,0,1,0.0,34.0
2025-12-14,https://prorenata.jp/posts/nursing-assistant-resume-writing,看護助手 職務経歴書,jpn,MOBILE,0,1,0.0,27.0
2025-12-14,https://prorenata.jp/posts/nursing-assistant-resume-writing,看護助手 職務経歴書 書き方,jpn,DESKTOP,0,2,0.0,17.0
2025-12-14,https://prorenata.jp/posts/nursing-assistant-resume-writing,看護助手 職務経歴書 書き方,jpn,MOBILE,0,1,0.0,19.0
2025-12-14,https://prorenata.jp/posts/nursing-assistant-resume-writing,看護助手 自己pr,jpn,MOBILE,0,2,0.0,37.0
2025-12-14,https://prorenata.jp/posts/nursing-assistant-stressful-relationships-solutions,看護助手 人間関係 最悪,jpn,MOBILE,0,2,0.0,1.0
2025-12-14,https://prorenata.jp/posts/nursing-assistant-stressful-relationships-solutions,看護助手 辛い,jpn,DESKTOP,0,2,0.0,18.5
2025-12-14,https://prorenata.jp/posts/nursing-assistant-stressful-relationships-solutions,看護助手 辛い,jpn,MOBILE,0,2,0.0,23.0
2025-12-14,https://prorenata.jp/posts/nursing-assistant-suitable-person-characteristics,看護助手 向いている人,jpn,DESKTOP,0,1,0.0,40.0
2025-12-14,https://prorenata.jp/posts/nursing-assistant-suitable-person-characteristics,看護助手 向いている人,jpn,MOBILE,0,1,0.0,39.0
2025-12-14,https://prorenata.jp/posts/nursing-assistant-suitable-person-characteristics,看護助手 向いてる人,jpn,DESKTOP,0,2,0.0,49.5
2025-12-14,https://prorenata.jp/posts/nursing-assistant-uniform-selection,看護助手 制服,jpn,MOBILE,0,1,0.0,25.0
2025-12-14,https://prorenata.jp/posts/nursing-assistant-uniform-selection,看護助手 服装,jpn,MOBILE,0,1,0.0,26.0
2025-12-14,https://prorenata.jp/tags/%E3%82%B9%E3%82%AF%E3%83%BC%E3%83%AB,prorenata,jpn,TABLET,0,1,0.0,3.0
2025-12-15,https://prorenata.jp/posts/nursing-assistant-aptitude-test,看護 師 に 向い て いるか 診断,jpn,DESKTOP,0,1,0.0,40.0
2025-12-15,https://prorenata.jp/posts/nursing-assistant-aptitude-test,看護 師 科 適性 診断,jpn,DESKTOP,0,1,0.0,43.0
2025-12-15,https://prorenata.jp/posts/nursing-assistant-daily-schedule,看護助手 1日の流れ,jpn,DESKTOP,0,1,0.0,33.0
2025-12-15,https://prorenata.jp/posts/nursing-assistant-daily-schedule,看護助手 一日の流れ,jpn,MOBILE,0,2,0.0,1.0
2025-12-15,https://prorenata.jp/posts/nursing-assistant-daily-schedule,看護助手の仕事内容,jpn,MOBILE,0,1,0.0,3.0
2025-12-15,https://prorenata.jp/posts/nursing-assistant-essentials-checklist,看護助手 準備,jpn,DESKTOP,0,1,0.0,8.0
2025-12-15,https://prorenata.jp/posts/nursing-assistant-essentials-checklist,看護助手 準備,jpn,MOBILE,0,2,0.0,12.0
2025-12-15,https://prorenata.jp/posts/nursing-assistant-interview-prep,看護助手 面接,jpn,DESKTOP,0,1,0.0,27.0
2025-12-15,https://prorenata.jp/posts/nursing-assistant-interview-prep,看護助手 面接,jpn,MOBILE,0,1,0.0,27.0
2025-12-15,https://prorenata.jp/posts/nursing-assistant-interview-prep,看護助手 面接 対策,jpn,DESKTOP,0,2,0.0,16.0
2025-12-15,https://prorenata.jp/posts/nursing-assistant-interview-prep,看護助手 面接 対策,jpn,MOBILE,0,2,0.0,23.5
2025-12-15,https://prorenata.jp/posts/nursing-assistant-job-change-manual,看護助手 面接 対策,jpn,MOBILE,0,1,0.0,47.0
2025-12-15,https://prorenata.jp/posts/nursing-assistant-medical-terms,看護 用語 よく使う,jpn,MOBILE,0,1,0.0,12.0
2025-12-15,https://prorenata.jp/posts/nursing-assistant-patient-transfer-safety,スト レッチャー 移送 看護,jpn,DESKTOP,0,1,0.0,50.0
2025-12-15,https://prorenata.jp/posts/nursing-assistant-patient-transfer-safety,ストレッチャーの使い方,jpn,MOBILE,0,1,0.0,11.0
2025-12-15,https://prorenata.jp/posts/nursing-assistant-resume-writing,看護助手 履歴書,jpn,DESKTOP,0,1,0.0,23.0
2025-12-15,https://prorenata.jp/posts/nursing-assistant-resume-writing,看護助手 履歴書,jpn,MOBILE,0,1,0.0,33.0
2025-12-15,https://prorenata.jp/posts/nursing-assistant-resume-writing,看護助手 履歴書 書き方,jpn,DESKTOP,0,1,0.0,14.0
2025-12-15,https://prorenata.jp/posts/nursing-assistant-resume-writing,看護助手 履歴書 書き方,jpn,MOBILE,0,1,0.0,18.0
2025-12-15,https://prorenata.jp/posts/nursing-assistant-resume-writing,看護助手 志望動機,jpn,DESKTOP,0,1,0.0,31.0
2025-12-15,https://prorenata.jp/posts/nursing-assistant-resume-writing,看護助手 志望動機,jpn,MOBILE,0,1,0.0,35.0
2025-12-15,https://prorenata.jp/posts/nursing-assistant-resume-writing,看護助手 職務経歴書,jpn,DESKTOP,0,1,0.0,34.0
2025-12-15,https://prorenata.jp/posts/nursing-assistant-resume-writing,看護助手 職務経歴書,jpn,MOBILE,0,1,0.0,37.0
2025-12-15,https://prorenata.jp/posts/nursing-assistant-resume-writing,看護助手 職務経歴書 書き方,jpn,DESKTOP,0,1,0.0,18.0
2025-12-15,https://prorenata.jp/posts/nursing-assistant-resume-writing,看護助手 職務経歴書 書き方,jpn,MOBILE,0,3,0.0,19.0
2025-12-15,https://prorenata.jp/posts/nursing-assistant-stressful-relationships-solutions,看護助手 人間関係 最悪,jpn,MOBILE,0,1,0.0,1.0
2025-12-15,https://prorenata.jp/posts/nursing-assistant-stressful-relationships-solutions,看護助手 辛い,jpn,DESKTOP,0,1,0.0,18.0
2025-12-15,https://prorenata.jp/posts/nursing-assistant-stressful-relationships-solutions,看護助手 辛い,jpn,MOBILE,0,2,0.0,19.5
2025-12-15,https://prorenata.jp/posts/nursing-assistant-suitable-person-characteristics,看護助手 向いてる人,jpn,DESKTOP,0,1,0.0,48.0
2025-12-15,https://prorenata.jp/posts/nursing-assistant-suitable-person-characteristics,看護助手 向いてる人,jpn,MOBILE,0,2,0.0,48.5
2025-12-15,https://prorenata.jp/posts/nursing-assistant-work-reform-examples,看護師 働き方改革 事例,jpn,DESKTOP,0,1,0.0,46.0
2025-12-16,https://prorenata.jp/posts/nursing-assistant-aptitude-test,看護 師 科 適性 診断,jpn,DESKTOP,0,1,0.0,36.0
2025-12-16,https://prorenata.jp/posts/nursing-assistant-daily-schedule,看護助手 1日の流れ,jpn,DESKTOP,0,1,0.0,28.0
2025-12-16,https://prorenata.jp/posts/nursing-assistant-essentials-checklist,看護助手 準備,jpn,DESKTOP,0,2,0.0,11.0
2025-12-16,https://prorenata.jp/posts/nursing-assistant-interview-prep,看護助手 面接,jpn,DESKTOP,0,1,0.0,33.0
2025-12-16,https://prorenata.jp/posts/nursing-assistant-interview-prep,看護助手 面接 対策,jpn,DESKTOP,0,1,0.0,19.0
2025-12-16,https://prorenata.jp/posts/nursing-assistant-job-change-manual,看護助手 面接 対策,jpn,DESKTOP,0,1,0.0,41.0
2025-12-16,https://prorenata.jp/posts/nursing-assistant-latest-salary-comparison,看護助手 給料,jpn,DESKTOP,0,1,0.0,45.0
2025-12-16,https://prorenata.jp/posts/nursing-assistant-latest-salary-comparison,看護助手 給料,jpn,MOBILE,0,1,0.0,56.0
2025-12-16,https://prorenata.jp/posts/nursing-assistant-medical-terms,看護 用語 よく使う,jpn,DESKTOP,0,1,0.0,12.0
2025-12-16,https://prorenata.jp/posts/nursing-assistant-medical-terms,看護 用語 よく使う,jpn,MOBILE,0,4,0.0,6.75
2025-12-16,https://prorenata.jp/posts/nursing-assistant-patient-transfer-safety,スト レッチャー 移送 看護,jpn,DESKTOP,0,1,0.0,48.0
2025-12-16,https://prorenata.jp/posts/nursing-assistant-patient-transfer-safety,ストレッチャー エレベーター 向き,jpn,MOBILE,0,1,0.0,18.0
2025-12-16,https://prorenata.jp/posts/nursing-assistant-resignation-advice-insights,看護助手 辞めたい,jpn,MOBILE,0,1,0.0,1.0
2025-12-16,https://prorenata.jp/posts/nursing-assistant-resume-writing,看護助手 履歴書,jpn,DESKTOP,0,1,0.0,23.0
2025-12-16,https://prorenata.jp/posts/nursing-assistant-resume-writing,看護助手 履歴書 書き方,jpn,DESKTOP,0,1,0.0,21.0
2025-12-16,https://prorenata.jp/posts/nursing-assistant-resume-writing,看護助手 志望動機,jpn,DESKTOP,0,3,0.0,32.33333333333333
2025-12-16,https://prorenata.jp/posts/nursing-assistant-resume-writing,看護助手 志望動機,jpn,MOBILE,0,1,0.0,34.0
2025-12-16,https://prorenata.jp/posts/nursing-assistant-resume-writing,看護助手 職務経歴書,jpn,DESKTOP,0,1,0.0,25.0
2025-12-16,https://prorenata.jp/posts/nursing-assistant-resume-writing,看護助手 職務経歴書 書き方,jpn,DESKTOP,0,1,0.0,18.0
2025-12-16,https://prorenata.jp/posts/nursing-assistant-stressful-relationships-solutions,看護助手 辛い,jpn,DESKTOP,0,2,0.0,18.5
2025-12-16,https://prorenata.jp/posts/nursing-assistant-suitable-person-characteristics,看護助手 向いてる人,jpn,DESKTOP,0,1,0.0,49.0
2025-12-17,https://prorenata.jp/posts/nursing-assistant-become-nurse-guide,看護助手から看護師になるには,jpn,MOBILE,0,2,0.0,1.0
2025-12-17,https://prorenata.jp/posts/nursing-assistant-daily-schedule,看護助手 1日の流れ,jpn,MOBILE,0,1,0.0,28.0
2025-12-17,https://prorenata.jp/posts/nursing-assistant-daily-schedule,看護助手 一日の流れ,jpn,MOBILE,0,4,0.0,1.0
2025-12-17,https://prorenata.jp/posts/nursing-assistant-essentials-checklist,看護助手 準備,jpn,MOBILE,0,4,0.0,11.0
2025-12-17,https://prorenata.jp/posts/nursing-assistant-interview-prep,看護助手 面接,jpn,MOBILE,0,1,0.0,29.0
2025-12-17,https://prorenata.jp/posts/nursing-assistant-interview-prep,看護助手 面接 対策,jpn,MOBILE,0,3,0.0,23.333333333333332
2025-12-17,https://prorenata.jp/posts/nursing-assistant-interview-prep,看護助手 面接 聞かれること,jpn,MOBILE,0,4,0.0,1.0
2025-12-17,https://prorenata.jp/posts/nursing-assistant-interview-prep,看護助手 面接 逆質問,jpn,MOBILE,0,1,0.0,12.0
2025-12-17,https://prorenata.jp/posts/nursing-assistant-job-change-manual,看護助手 面接 対策,jpn,MOBILE,0,1,0.0,44.0
2025-12-17,https://prorenata.jp/posts/nursing-assistant-medical-terms,看護 用語 よく使う,jpn,MOBILE,0,3,0.0,7.0
2025-12-17,https://prorenata.jp/posts/nursing-assistant-patient-transfer-safety,ストレッチャー 移送 上り坂,jpn,MOBILE,0,2,0.0,11.0
2025-12-17,https://prorenata.jp/posts/nursing-assistant-resignation-advice-insights,看護助手 辞めたい,jpn,MOBILE,0,1,0.0,1.0
2025-12-17,https://prorenata.jp/posts/nursing-assistant-resume-writing,看護助手 履歴書,jpn,MOBILE,0,1,0.0,26.0
2025-12-17,https://prorenata.jp/posts/nursing-assistant-resume-writing,看護助手 履歴書 書き方,jpn,MOBILE,0,1,0.0,18.0
2025-12-17,https://prorenata.jp/posts/nursing-assistant-resume-writing,看護助手 職務経歴書,jpn,MOBILE,0,1,0.0,25.0
2025-12-17,https://prorenata.jp/posts/nursing-assistant-resume-writing,看護助手 職務経歴書 書き方,jpn,MOBILE,0,1,0.0,19.0
2025-12-17,https://prorenata.jp/posts/nursing-assistant-role-responsibility-team,看護補助者の役割と責任範囲,jpn,MOBILE,0,1,0.0,1.0
2025-12-17,https://prorenata.jp/posts/nursing-assistant-stressful-relationships-solutions,看護助手 辛い,jpn,MOBILE,0,2,0.0,19.0
2025-12-18,https://prorenata.jp/posts/nursing-assistant-aptitude-test,看護 師 科 適性 診断,jpn,DESKTOP,0,2,0.0,42.0
2025-12-18,https://prorenata.jp/posts/nursing-assistant-aptitude-test,看護 師 適性 チェック,jpn,DESKTOP,0,2,0.0,47.5
2025-12-18,https://prorenata.jp/posts/nursing-assistant-become-nurse-guide,看護助手から看護師になるには,jpn,MOBILE,0,1,0.0,1.0
2025-12-18,https://prorenata.jp/posts/nursing-assistant-career-vision,看護助手 将来のビジョン,jpn,MOBILE,0,1,0.0,1.0
2025-12-18,https://prorenata.jp/posts/nursing-assistant-daily-schedule,看護助手 1日の流れ,jpn,DESKTOP,0,2,0.0,34.5
2025-12-18,https://prorenata.jp/posts/nursing-assistant-daily-schedule,看護助手 1日の流れ,jpn,MOBILE,0,1,0.0,27.0
2025-12-18,https://prorenata.jp/posts/nursing-assistant-daily-schedule,看護助手 一日の流れ,jpn,MOBILE,0,1,0.0,1.0
2025-12-18,https://prorenata.jp/posts/nursing-assistant-essentials-checklist,看護助手 準備,jpn,DESKTOP,0,3,0.0,7.666666666666667
2025-12-18,https://prorenata.jp/posts/nursing-assistant-essentials-checklist,看護助手 準備,jpn,MOBILE,0,7,0.0,11.142857142857142
2025-12-18,https://prorenata.jp/posts/nursing-assistant-interview-prep,看護助手 面接,jpn,DESKTOP,0,2,0.0,28.5
2025-12-18,https://prorenata.jp/posts/nursing-assistant-interview-prep,看護助手 面接,jpn,MOBILE,0,1,0.0,29.0
2025-12-18,https://prorenata.jp/posts/nursing-assistant-interview-prep,看護助手 面接 対策,jpn,DESKTOP,0,2,0.0,20.0
2025-12-18,https://prorenata.jp/posts/nursing-assistant-interview-prep,看護助手 面接 対策,jpn,MOBILE,0,2,0.0,23.0
2025-12-18,https://prorenata.jp/posts/nursing-assistant-interview-prep,看護助手 面接 聞かれること,jpn,MOBILE,0,1,0.0,1.0
2025-12-18,https://prorenata.jp/posts/nursing-assistant-job-change-manual,看護助手 面接 対策,jpn,MOBILE,0,2,0.0,43.0
2025-12-18,https://prorenata.jp/posts/nursing-assistant-latest-salary-comparison,看護助手 給料,jpn,DESKTOP,0,1,0.0,53.0
2025-12-18,https://prorenata.jp/posts/nursing-assistant-latest-salary-comparison,看護助手 給料,jpn,MOBILE,0,1,0.0,41.0
2025-12-18,https://prorenata.jp/posts/nursing-assistant-medical-terms,看護 用語 よく使う,jpn,MOBILE,0,2,0.0,7.0
2025-12-18,https://prorenata.jp/posts/nursing-assistant-patient-transfer-safety,スト レッチャー 移送 看護,jpn,DESKTOP,0,1,0.0,48.0
2025-12-18,https://prorenata.jp/posts/nursing-assistant-quit-retirement,看護助手 やめたほうがいい,jpn,DESKTOP,0,3,0.0,56.333333333333336
2025-12-18,https://prorenata.jp/posts/nursing-assistant-quit-retirement,看護助手 やめたほうがいい,jpn,MOBILE,0,1,0.0,90.0
2025-12-18,https://prorenata.jp/posts/nursing-assistant-resume-writing,看護助手 履歴書,jpn,DESKTOP,0,3,0.0,23.333333333333332
2025-12-18,https://prorenata.jp/posts/nursing-assistant-resume-writing,看護助手 履歴書,jpn,MOBILE,0,4,0.0,26.0
2025-12-18,https://prorenata.jp/posts/nursing-assistant-resume-writing,看護助手 履歴書 書き方,jpn,DESKTOP,0,2,0.0,17.5
2025-12-18,https://prorenata.jp/posts/nursing-assistant-resume-writing,看護助手 履歴書 書き方,jpn,MOBILE,0,1,0.0,17.0
2025-12-18,https://prorenata.jp/posts/nursing-assistant-resume-writing,看護助手 志望動機,jpn,DESKTOP,0,3,0.0,34.0
2025-12-18,https://prorenata.jp/posts/nursing-assistant-resume-writing,看護助手 志望動機,jpn,MOBILE,0,5,0.0,39.8
2025-12-18,https://prorenata.jp/posts/nursing-assistant-resume-writing,看護助手 職務経歴書,jpn,DESKTOP,0,2,0.0,25.0
2025-12-18,https://prorenata.jp/posts/nursing-assistant-resume-writing,看護助手 職務経歴書,jpn,MOBILE,0,1,0.0,27.0
2025-12-18,https://prorenata.jp/posts/nursing-assistant-resume-writing,看護助手 職務経歴書 書き方,jpn,DESKTOP,0,2,0.0,16.0
2025-12-18,https://prorenata.jp/posts/nursing-assistant-resume-writing,看護助手 職務経歴書 書き方,jpn,MOBILE,0,1,0.0,18.0
2025-12-18,https://prorenata.jp/posts/nursing-assistant-role-responsibility-team,看護補助者の役割と責任範囲,jpn,MOBILE,0,1,0.0,1.0
2025-12-18,https://prorenata.jp/posts/nursing-assistant-stressful-relationships-solutions,看護助手 人間関係,jpn,DESKTOP,0,1,0.0,35.0
2025-12-18,https://prorenata.jp/posts/nursing-assistant-stressful-relationships-solutions,看護助手 人間関係,jpn,MOBILE,0,1,0.0,36.0
2025-12-18,https://prorenata.jp/posts/nursing-assistant-stressful-relationships-solutions,看護助手 辛い,jpn,DESKTOP,0,4,0.0,18.5
2025-12-18,https://prorenata.jp/posts/nursing-assistant-stressful-relationships-solutions,看護助手 辛い,jpn,MOBILE,0,2,0.0,23.5
2025-12-18,https://prorenata.jp/posts/nursing-assistant-suitable-person-characteristics,看護助手 向いている人,jpn,DESKTOP,0,1,0.0,37.0
2025-12-18,https://prorenata.jp/posts/nursing-assistant-suitable-person-characteristics,看護助手 向いてる人,jpn,DESKTOP,0,2,0.0,47.0
2025-12-18,https://prorenata.jp/posts/nursing-assistant-suitable-person-characteristics,看護助手 向いてる人,jpn,MOBILE,0,1,0.0,55.0
2025-12-18,https://prorenata.jp/posts/nursing-assistant-suitable-person-characteristics,看護助手向いてる人,jpn,DESKTOP,0,1,0.0,51.0
2025-12-19,https://prorenata.jp/posts/nursing-assistant-aptitude-test,看護 師 に 向い て いるか 診断,jpn,DESKTOP,0,1,0.0,32.0
2025-12-19,https://prorenata.jp/posts/nursing-assistant-aptitude-test,看護 師 科 適性 診断,jpn,MOBILE,0,1,0.0,46.0
2025-12-19,https://prorenata.jp/posts/nursing-assistant-become-nurse-guide,看護助手から看護師になるには,jpn,MOBILE,0,1,0.0,1.0
2025-12-19,https://prorenata.jp/posts/nursing-assistant-daily-schedule,看護助手 1日の流れ,jpn,DESKTOP,0,1,0.0,24.0
2025-12-19,https://prorenata.jp/posts/nursing-assistant-daily-schedule,看護助手 1日の流れ,jpn,MOBILE,0,2,0.0,26.0
2025-12-19,https://prorenata.jp/posts/nursing-assistant-essentials-checklist,看護助手 準備,jpn,DESKTOP,0,2,0.0,10.0
2025-12-19,https://prorenata.jp/posts/nursing-assistant-essentials-checklist,看護助手 準備,jpn,MOBILE,0,6,0.0,11.0
2025-12-19,https://prorenata.jp/posts/nursing-assistant-interview-prep,看護助手 面接,jpn,DESKTOP,0,1,0.0,33.0
2025-12-19,https://prorenata.jp/posts/nursing-assistant-interview-prep,看護助手 面接,jpn,MOBILE,0,2,0.0,33.5
2025-12-19,https://prorenata.jp/posts/nursing-assistant-interview-prep,看護助手 面接 対策,jpn,DESKTOP,0,1,0.0,19.0
2025-12-19,https://prorenata.jp/posts/nursing-assistant-interview-prep,看護助手 面接 対策,jpn,MOBILE,0,3,0.0,25.0
2025-12-19,https://prorenata.jp/posts/nursing-assistant-job-change-manual,看護助手 面接 対策,jpn,DESKTOP,0,1,0.0,39.0
2025-12-19,https://prorenata.jp/posts/nursing-assistant-job-change-manual,看護助手 面接 対策,jpn,MOBILE,0,3,0.0,47.0
2025-12-19,https://prorenata.jp/posts/nursing-assistant-medical-terms,看護 用語 よく使う,jpn,MOBILE,0,2,0.0,7.5
2025-12-19,https://prorenata.jp/posts/nursing-assistant-patient-transfer-safety,スト レッチャー 使い方,jpn,MOBILE,0,1,0.0,12.0
2025-12-19,https://prorenata.jp/posts/nursing-assistant-resume-writing,看護助手 履歴書,jpn,DESKTOP,0,1,0.0,25.0
2025-12-19,https://prorenata.jp/posts/nursing-assistant-resume-writing,看護助手 履歴書,jpn,MOBILE,0,2,0.0,25.5
2025-12-19,https://prorenata.jp/posts/nursing-assistant-resume-writing,看護助手 履歴書 書き方,jpn,DESKTOP,0,1,0.0,14.0
2025-12-19,https://prorenata.jp/posts/nursing-assistant-resume-writing,看護助手 履歴書 書き方,jpn,MOBILE,0,2,0.0,22.0
2025-12-19,https://prorenata.jp/posts/nursing-assistant-resume-writing,看護助手 志望動機,jpn,DESKTOP,0,1,0.0,32.0
2025-12-19,https://prorenata.jp/posts/nursing-assistant-resume-writing,看護助手 志望動機,jpn,MOBILE,0,1,0.0,37.0
2025-12-19,https://prorenata.jp/posts/nursing-assistant-resume-writing,看護助手 職務経歴書,jpn,DESKTOP,0,1,0.0,25.0
2025-12-19,https://prorenata.jp/posts/nursing-assistant-resume-writing,看護助手 職務経歴書,jpn,MOBILE,0,2,0.0,33.5
2025-12-19,https://prorenata.jp/posts/nursing-assistant-resume-writing,看護助手 職務経歴書 書き方,jpn,DESKTOP,0,1,0.0,17.0
2025-12-19,https://prorenata.jp/posts/nursing-assistant-resume-writing,看護助手 職務経歴書 書き方,jpn,MOBILE,0,2,0.0,17.5
2025-12-19,https://prorenata.jp/posts/nursing-assistant-role-responsibility-team,看護補助者の役割と責任範囲,jpn,MOBILE,0,1,0.0,1.0
2025-12-19,https://prorenata.jp/posts/nursing-assistant-stressful-relationships-solutions,看護助手 辛い,jpn,MOBILE,0,2,0.0,18.5
2025-12-20,https://prorenata.jp/posts/nursing-assistant-aptitude-test,看護 師 に 向い て いるか 診断,jpn,DESKTOP,0,1,0.0,33.0
2025-12-20,https://prorenata.jp/posts/nursing-assistant-aptitude-test,看護 師 向い て いるか 診断,jpn,DESKTOP,0,1,0.0,35.0
2025-12-20,https://prorenata.jp/posts/nursing-assistant-aptitude-test,看護 師 科 適性 診断,jpn,DESKTOP,0,1,0.0,47.0
2025-12-20,https://prorenata.jp/posts/nursing-assistant-aptitude-test,看護 師 適性 チェック,jpn,DESKTOP,0,1,0.0,43.0
2025-12-20,https://prorenata.jp/posts/nursing-assistant-daily-schedule,看護助手 1日の流れ,jpn,DESKTOP,0,1,0.0,35.0
2025-12-20,https://prorenata.jp/posts/nursing-assistant-daily-schedule,看護助手 1日の流れ,jpn,MOBILE,0,1,0.0,27.0
2025-12-20,https://prorenata.jp/posts/nursing-assistant-essentials-checklist,看護助手 準備,jpn,DESKTOP,0,3,0.0,9.0
2025-12-20,https://prorenata.jp/posts/nursing-assistant-essentials-checklist,看護助手 準備,jpn,MOBILE,0,8,0.0,10.5
2025-12-20,https://prorenata.jp/posts/nursing-assistant-infection-control-handwashing,標準 予防 策 看護,jpn,DESKTOP,0,1,0.0,83.0
2025-12-20,https://prorenata.jp/posts/nursing-assistant-interview-prep,看護助手 面接,jpn,DESKTOP,0,1,0.0,29.0
2025-12-20,https://prorenata.jp/posts/nursing-assistant-interview-prep,看護助手 面接,jpn,MOBILE,0,2,0.0,32.5
2025-12-20,https://prorenata.jp/posts/nursing-assistant-interview-prep,看護助手 面接 対策,jpn,DESKTOP,0,1,0.0,16.0
2025-12-20,https://prorenata.jp/posts/nursing-assistant-interview-prep,看護助手 面接 対策,jpn,MOBILE,0,1,0.0,25.0
2025-12-20,https://prorenata.jp/posts/nursing-assistant-interview-prep,看護助手 面接 聞かれること,jpn,MOBILE,0,1,0.0,1.0
2025-12-20,https://prorenata.jp/posts/nursing-assistant-job-change-manual,看護助手 面接 対策,jpn,DESKTOP,0,1,0.0,42.0
2025-12-20,https://prorenata.jp/posts/nursing-assistant-job-change-manual,看護助手 面接 対策,jpn,MOBILE,0,1,0.0,48.0
2025-12-20,https://prorenata.jp/posts/nursing-assistant-latest-salary-comparison,看護 助手 給料,jpn,DESKTOP,0,1,0.0,58.0
2025-12-20,https://prorenata.jp/posts/nursing-assistant-latest-salary-comparison,看護助手の給料,jpn,DESKTOP,0,1,0.0,56.0
2025-12-20,https://prorenata.jp/posts/nursing-assistant-medical-terms,様子観察 略語,jpn,MOBILE,0,1,0.0,5.0
2025-12-20,https://prorenata.jp/posts/nursing-assistant-operating-room-duties,看護助手 オペ室,jpn,MOBILE,0,1,0.0,12.0
2025-12-20,https://prorenata.jp/posts/nursing-assistant-patient-safety-insights,看護補助者との 協 働 コミュニケーション,jpn,MOBILE,0,1,0.0,99.0
2025-12-20,https://prorenata.jp/posts/nursing-assistant-patient-transfer-safety,スト レッチャー 移送 看護,jpn,DESKTOP,0,1,0.0,50.0
2025-12-20,https://prorenata.jp/posts/nursing-assistant-patient-transfer-safety,ストレッチャーからベッドへの移乗 手順,jpn,MOBILE,0,1,0.0,15.0
2025-12-20,https://prorenata.jp/posts/nursing-assistant-resume-writing,看護助手 履歴書,jpn,DESKTOP,0,1,0.0,23.0
2025-12-20,https://prorenata.jp/posts/nursing-assistant-resume-writing,看護助手 履歴書,jpn,MOBILE,0,2,0.0,26.5
2025-12-20,https://prorenata.jp/posts/nursing-assistant-resume-writing,看護助手 履歴書 書き方,jpn,DESKTOP,0,1,0.0,14.0
2025-12-20,https://prorenata.jp/posts/nursing-assistant-resume-writing,看護助手 履歴書 書き方,jpn,MOBILE,0,1,0.0,15.0
2025-12-20,https://prorenata.jp/posts/nursing-assistant-resume-writing,看護助手 志望動機,jpn,DESKTOP,0,1,0.0,31.0
2025-12-20,https://prorenata.jp/posts/nursing-assistant-resume-writing,看護助手 志望動機,jpn,MOBILE,0,3,0.0,33.666666666666664
2025-12-20,https://prorenata.jp/posts/nursing-assistant-resume-writing,看護助手 職務経歴書,jpn,DESKTOP,0,1,0.0,25.0
2025-12-20,https://prorenata.jp/posts/nursing-assistant-resume-writing,看護助手 職務経歴書 書き方,jpn,DESKTOP,0,1,0.0,16.0
2025-12-20,https://prorenata.jp/posts/nursing-assistant-resume-writing,看護助手 職務経歴書 書き方,jpn,MOBILE,0,1,0.0,18.0
2025-12-20,https://prorenata.jp/posts/nursing-assistant-resume-writing,看護助手 自己pr,jpn,MOBILE,0,1,0.0,36.0
2025-12-20,https://prorenata.jp/posts/nursing-assistant-role-responsibility-team,看護補助者の役割と責任範囲,jpn,MOBILE,0,1,0.0,1.0
2025-12-20,https://prorenata.jp/posts/nursing-assistant-stressful-relationships-solutions,看護助手 辛い,jpn,DESKTOP,0,2,0.0,19.0
2025-12-20,https://prorenata.jp/posts/nursing-assistant-stressful-relationships-solutions,看護助手 辛い,jpn,MOBILE,0,1,0.0,19.0
2025-12-20,https://prorenata.jp/posts/nursing-assistant-uniform-selection,看護助手 制服,jpn,MOBILE,0,3,0.0,26.666666666666668
2025-12-20,https://prorenata.jp/posts/nursing-assistant-uniform-selection,看護助手 服装,jpn,MOBILE,0,1,0.0,27.0
2025-12-21,https://prorenata.jp/posts/nursing-assistant-aptitude-test,看護 師 に 向い て いるか 診断,jpn,DESKTOP,0,1,0.0,34.0
2025-12-21,https://prorenata.jp/posts/nursing-assistant-aptitude-test,看護 師 科 適性 診断,jpn,DESKTOP,0,1,0.0,37.0
2025-12-21,https://prorenata.jp/posts/nursing-assistant-aptitude-test,看護 師 適性 チェック,jpn,DESKTOP,0,1,0.0,43.0
2025-12-21,https://prorenata.jp/posts/nursing-assistant-become-nurse-guide,看護助手から看護師になるには,jpn,MOBILE,0,2,0.0,1.0
2025-12-21,https://prorenata.jp/posts/nursing-assistant-become-nurse-guide,看護師になるには 最短,jpn,DESKTOP,0,1,0.0,33.0
2025-12-21,https://prorenata.jp/posts/nursing-assistant-daily-schedule,看護助手 1日の流れ,jpn,DESKTOP,0,1,0.0,26.0
2025-12-21,https://prorenata.jp/posts/nursing-assistant-daily-schedule,看護助手 1日の流れ,jpn,MOBILE,0,1,0.0,27.0
2025-12-21,https://prorenata.jp/posts/nursing-assistant-essentials-checklist,看護助手 準備,jpn,DESKTOP,0,2,0.0,9.5
2025-12-21,https://prorenata.jp/posts/nursing-assistant-essentials-checklist,看護助手 準備,jpn,MOBILE,0,3,0.0,10.333333333333334
2025-12-21,https://prorenata.jp/posts/nursing-assistant-interview-prep,看護助手 面接,jpn,DESKTOP,0,1,0.0,29.0
2025-12-21,https://prorenata.jp/posts/nursing-assistant-interview-prep,看護助手 面接,jpn,MOBILE,0,1,0.0,30.0
2025-12-21,https://prorenata.jp/posts/nursing-assistant-interview-prep,看護助手 面接 対策,jpn,DESKTOP,0,1,0.0,19.0
2025-12-21,https://prorenata.jp/posts/nursing-assistant-interview-prep,看護助手 面接 対策,jpn,MOBILE,0,1,0.0,25.0
2025-12-21,https://prorenata.jp/posts/nursing-assistant-interview-prep,看護助手 面接 聞かれること,jpn,MOBILE,0,1,0.0,1.0
2025-12-21,https://prorenata.jp/posts/nursing-assistant-interview-prep,看護助手 面接 逆質問,jpn,MOBILE,0,3,0.0,1.0
2025-12-21,https://prorenata.jp/posts/nursing-assistant-job-change-manual,看護助手 面接 対策,jpn,DESKTOP,0,1,0.0,41.0
2025-12-21,https://prorenata.jp/posts/nursing-assistant-job-change-manual,看護助手 面接 対策,jpn,MOBILE,0,2,0.0,46.0
2025-12-21,https://prorenata.jp/posts/nursing-assistant-latest-salary-comparison,看護助手 手当,jpn,MOBILE,0,1,0.0,19.0
2025-12-21,https://prorenata.jp/posts/nursing-assistant-patient-transfer-safety,スト レッチャー 移送 看護,jpn,DESKTOP,0,1,0.0,49.0
2025-12-21,https://prorenata.jp/posts/nursing-assistant-resume-writing,看護助手 履歴書,jpn,DESKTOP,0,1,0.0,24.0
2025-12-21,https://prorenata.jp/posts/nursing-assistant-resume-writing,看護助手 履歴書,usa,DESKTOP,0,1,0.0,12.0
2025-12-21,https://prorenata.jp/posts/nursing-assistant-resume-writing,看護助手 履歴書 志望動機,jpn,MOBILE,0,1,0.0,33.0
2025-12-21,https://prorenata.jp/posts/nursing-assistant-resume-writing,看護助手 履歴書 書き方,jpn,DESKTOP,0,1,0.0,14.0
2025-12-21,https://prorenata.jp/posts/nursing-assistant-resume-writing,看護助手 履歴書 書き方,jpn,MOBILE,0,1,0.0,16.0
2025-12-21,https://prorenata.jp/posts/nursing-assistant-resume-writing,看護助手 志望動機,jpn,DESKTOP,0,1,0.0,30.0
2025-12-21,https://prorenata.jp/posts/nursing-assistant-resume-writing,看護助手 志望動機,jpn,MOBILE,0,1,0.0,33.0
2025-12-21,https://prorenata.jp/posts/nursing-assistant-resume-writing,看護助手 志望動機 未経験,usa,DESKTOP,0,1,0.0,28.0
2025-12-21,https://prorenata.jp/posts/nursing-assistant-resume-writing,看護助手 職務経歴書,jpn,DESKTOP,0,2,0.0,27.0
2025-12-21,https://prorenata.jp/posts/nursing-assistant-resume-writing,看護助手 職務経歴書 書き方,jpn,DESKTOP,0,1,0.0,17.0
2025-12-21,https://prorenata.jp/posts/nursing-assistant-role-responsibility-team,看護補助者の役割と責任範囲,jpn,MOBILE,0,2,0.0,1.0
2025-12-21,https://prorenata.jp/posts/nursing-assistant-stressful-relationships-solutions,看護助手 辛い,jpn,DESKTOP,0,2,0.0,19.0
2025-12-22,https://prorenata.jp/posts/nursing-assistant-aptitude-test,看護 師 に 向い て いるか 診断,jpn,DESKTOP,0,1,0.0,33.0
2025-12-22,https://prorenata.jp/posts/nursing-assistant-aptitude-test,看護 師 科 適性 診断,jpn,DESKTOP,0,1,0.0,44.0
2025-12-22,https://prorenata.jp/posts/nursing-assistant-aptitude-test,看護 師 適性 チェック,jpn,DESKTOP,0,1,0.0,41.0
2025-12-22,https://prorenata.jp/posts/nursing-assistant-aptitude-test,精神 科 看護助手 向い てる 人,jpn,MOBILE,0,2,0.0,1.0
2025-12-22,https://prorenata.jp/posts/nursing-assistant-career-vision,看護助手 将来のビジョン,jpn,MOBILE,0,1,0.0,9.0
2025-12-22,https://prorenata.jp/posts/nursing-assistant-career-vision,看護師 転職 ワークショップ,jpn,DESKTOP,0,1,0.0,95.0
2025-12-22,https://prorenata.jp/posts/nursing-assistant-daily-schedule,看護助手 1日の流れ,jpn,DESKTOP,0,1,0.0,24.0
2025-12-22,https://prorenata.jp/posts/nursing-assistant-essentials-checklist,看護助手 準備,jpn,DESKTOP,0,5,0.0,10.4
2025-12-22,https://prorenata.jp/posts/nursing-assistant-essentials-checklist,看護助手 準備,jpn,MOBILE,0,2,0.0,11.0
2025-12-22,https://prorenata.jp/posts/nursing-assistant-interview-prep,看護助手 面接,jpn,DESKTOP,0,1,0.0,29.0
2025-12-22,https://prorenata.jp/posts/nursing-assistant-interview-prep,看護助手 面接 対策,jpn,DESKTOP,0,1,0.0,18.0
2025-12-22,https://prorenata.jp/posts/nursing-assistant-interview-prep,看護助手 面接 質問,jpn,MOBILE,0,1,0.0,1.0
2025-12-22,https://prorenata.jp/posts/nursing-assistant-job-change-manual,看護助手 面接 対策,jpn,DESKTOP,0,1,0.0,39.0
2025-12-22,https://prorenata.jp/posts/nursing-assistant-latest-salary-comparison,看護助手 平均年収,jpn,MOBILE,0,1,0.0,45.0
2025-12-22,https://prorenata.jp/posts/nursing-assistant-latest-salary-comparison,看護助手 年収,jpn,DESKTOP,0,1,0.0,66.0
2025-12-22,https://prorenata.jp/posts/nursing-assistant-latest-salary-comparison,看護助手 給料,jpn,DESKTOP,0,2,0.0,50.0
2025-12-22,https://prorenata.jp/posts/nursing-assistant-medical-terms,様子観察 略語,jpn,MOBILE,0,2,0.0,4.0
2025-12-22,https://prorenata.jp/posts/nursing-assistant-patient-transfer-safety,スト レッチャー 移送 看護,jpn,DESKTOP,0,1,0.0,49.0
2025-12-22,https://prorenata.jp/posts/nursing-assistant-resume-writing,看護助手 履歴書,jpn,DESKTOP,0,1,0.0,24.0
2025-12-22,https://prorenata.jp/posts/nursing-assistant-resume-writing,看護助手 履歴書,jpn,MOBILE,0,1,0.0,24.0
2025-12-22,https://prorenata.jp/posts/nursing-assistant-resume-writing,看護助手 履歴書 書き方,jpn,DESKTOP,0,1,0.0,20.0
2025-12-22,https://prorenata.jp/posts/nursing-assistant-resume-writing,看護助手 志望動機,jpn,DESKTOP,0,2,0.0,30.5
2025-12-22,https://prorenata.jp/posts/nursing-assistant-resume-writing,看護助手 志望動機,jpn,MOBILE,0,1,0.0,38.0
2025-12-22,https://prorenata.jp/posts/nursing-assistant-resume-writing,看護助手 職務経歴書,jpn,DESKTOP,0,1,0.0,30.0
2025-12-22,https://prorenata.jp/posts/nursing-assistant-resume-writing,看護助手 職務経歴書,jpn,MOBILE,0,1,0.0,29.0
2025-12-22,https://prorenata.jp/posts/nursing-assistant-resume-writing,看護助手 職務経歴書 書き方,jpn,DESKTOP,0,3,0.0,18.0
2025-12-22,https://prorenata.jp/posts/nursing-assistant-resume-writing,看護助手 職務経歴書 書き方,jpn,MOBILE,0,1,0.0,19.0
2025-12-22,https://prorenata.jp/posts/nursing-assistant-resume-writing,看護助手 自己pr 例文,jpn,DESKTOP,0,1,0.0,22.0
2025-12-22,https://prorenata.jp/posts/nursing-assistant-resume-writing,看護助手志望動機,jpn,DESKTOP,0,1,0.0,30.0
2025-12-22,https://prorenata.jp/posts/nursing-assistant-role-responsibility-team,看護補助者の役割と責任範囲,jpn,MOBILE,0,1,0.0,1.0
2025-12-22,https://prorenata.jp/posts/nursing-assistant-stressful-relationships-solutions,看護助手 辛い,jpn,DESKTOP,0,2,0.0,20.0
2025-12-22,https://prorenata.jp/posts/nursing-assistant-stressful-relationships-solutions,看護助手 辛い,jpn,MOBILE,0,1,0.0,19.0
2025-12-22,https://prorenata.jp/posts/nursing-assistant-stressful-relationships-solutions,看護師 人間関係 辛い,jpn,DESKTOP,0,1,0.0,42.0
2025-12-22,https://prorenata.jp/posts/nursing-assistant-stressful-relationships-solutions,看護師 人間関係 辛い,jpn,MOBILE,0,1,0.0,45.0
2025-12-23,https://prorenata.jp/posts/nursing-assistant-aptitude-test,看護 師 科 適性 診断,jpn,DESKTOP,0,1,0.0,45.0
2025-12-23,https://prorenata.jp/posts/nursing-assistant-career-vision,看護師 転職 ワークショップ,jpn,DESKTOP,0,1,0.0,90.0
2025-12-23,https://prorenata.jp/posts/nursing-assistant-career-vision,看護師 転職 ワークショップ,jpn,MOBILE,0,1,0.0,100.0
2025-12-23,https://prorenata.jp/posts/nursing-assistant-daily-schedule,看護助手 1日の流れ,jpn,DESKTOP,0,1,0.0,24.0
2025-12-23,https://prorenata.jp/posts/nursing-assistant-daily-schedule,看護助手 1日の流れ,jpn,MOBILE,0,1,0.0,24.0
2025-12-23,https://prorenata.jp/posts/nursing-assistant-essentials-checklist,看護助手 準備,jpn,DESKTOP,0,2,0.0,11.0
2025-12-23,https://prorenata.jp/posts/nursing-assistant-infection-control-handwashing,標準予防策 看護,jpn,DESKTOP,0,1,0.0,83.0
2025-12-23,https://prorenata.jp/posts/nursing-assistant-interview-prep,看護助手 面接,jpn,DESKTOP,0,1,0.0,31.0
2025-12-23,https://prorenata.jp/posts/nursing-assistant-interview-prep,看護助手 面接,jpn,MOBILE,0,1,0.0,31.0
2025-12-23,https://prorenata.jp/posts/nursing-assistant-interview-prep,看護助手 面接 対策,jpn,DESKTOP,0,1,0.0,18.0
2025-12-23,https://prorenata.jp/posts/nursing-assistant-interview-prep,看護助手 面接 対策,jpn,MOBILE,0,1,0.0,25.0
2025-12-23,https://prorenata.jp/posts/nursing-assistant-job-change-manual,看護助手 面接 対策,jpn,DESKTOP,0,1,0.0,38.0
2025-12-23,https://prorenata.jp/posts/nursing-assistant-job-change-manual,看護助手 面接 対策,jpn,MOBILE,0,1,0.0,50.0
2025-12-23,https://prorenata.jp/posts/nursing-assistant-latest-salary-comparison,看護助手 給与,jpn,DESKTOP,0,1,0.0,47.0
2025-12-23,https://prorenata.jp/posts/nursing-assistant-latest-salary-comparison,看護助手 給料,jpn,DESKTOP,0,1,0.0,48.0
2025-12-23,https://prorenata.jp/posts/nursing-assistant-latest-salary-comparison,看護助手 給料,jpn,MOBILE,0,1,0.0,49.0
2025-12-23,https://prorenata.jp/posts/nursing-assistant-medical-terms,様子観察 略語,jpn,MOBILE,0,1,0.0,4.0
2025-12-23,https://prorenata.jp/posts/nursing-assistant-patient-transfer-safety,ストレッチャー移送 注意点,jpn,MOBILE,0,1,0.0,15.0
2025-12-23,https://prorenata.jp/posts/nursing-assistant-resume-writing,看護助手 履歴書,jpn,DESKTOP,0,1,0.0,34.0
2025-12-23,https://prorenata.jp/posts/nursing-assistant-resume-writing,看護助手 履歴書,jpn,MOBILE,0,1,0.0,28.0
2025-12-23,https://prorenata.jp/posts/nursing-assistant-resume-writing,看護助手 履歴書 書き方,jpn,DESKTOP,0,1,0.0,18.0
2025-12-23,https://prorenata.jp/posts/nursing-assistant-resume-writing,看護助手 履歴書 書き方,jpn,MOBILE,0,1,0.0,21.0
2025-12-23,https://prorenata.jp/posts/nursing-assistant-resume-writing,看護助手 志望動機,jpn,DESKTOP,0,1,0.0,31.0
2025-12-23,https://prorenata.jp/posts/nursing-assistant-resume-writing,看護助手 職務経歴書,jpn,DESKTOP,0,2,0.0,33.0
2025-12-23,https://prorenata.jp/posts/nursing-assistant-resume-writing,看護助手 職務経歴書,jpn,MOBILE,0,1,0.0,28.0
2025-12-23,https://prorenata.jp/posts/nursing-assistant-resume-writing,看護助手 職務経歴書 書き方,jpn,DESKTOP,0,1,0.0,19.0
2025-12-23,https://prorenata.jp/posts/nursing-assistant-resume-writing,看護助手 職務経歴書 書き方,jpn,MOBILE,0,1,0.0,20.0
2025-12-23,https://prorenata.jp/posts/nursing-assistant-resume-writing,職務経歴書 看護助手,jpn,DESKTOP,0,2,0.0,27.0
2025-12-23,https://prorenata.jp/posts/nursing-assistant-stressful-relationships-solutions,看護助手 辛い,jpn,DESKTOP,0,1,0.0,35.0
2025-12-23,https://prorenata.jp/posts/nursing-assistant-stressful-relationships-solutions,看護助手 辛い,jpn,MOBILE,0,1,0.0,23.0
2025-12-24,https://prorenata.jp/posts/nursing-assistant-aptitude-test,看護 師 適性 チェック,jpn,DESKTOP,0,2,0.0,44.0
2025-12-24,https://prorenata.jp/posts/nursing-assistant-career-vision,看護師 転職 ワークショップ,jpn,DESKTOP,0,1,0.0,87.0
2025-12-24,https://prorenata.jp/posts/nursing-assistant-career-vision,看護師 転職 ワークショップ,jpn,MOBILE,0,1,0.0,96.0
2025-12-24,https://prorenata.jp/posts/nursing-assistant-daily-schedule,看護助手 1日の流れ,jpn,DESKTOP,0,1,0.0,26.0
2025-12-24,https://prorenata.jp/posts/nursing-assistant-daily-schedule,看護助手 1日の流れ,jpn,MOBILE,0,2,0.0,28.0
2025-12-24,https://prorenata.jp/posts/nursing-assistant-essentials-checklist,看護助手 準備,jpn,DESKTOP,0,2,0.0,9.5
2025-12-24,https://prorenata.jp/posts/nursing-assistant-essentials-checklist,看護助手 準備,jpn,MOBILE,0,11,0.0,10.727272727272727
2025-12-24,https://prorenata.jp/posts/nursing-assistant-interview-prep,看護助手 面接,jpn,DESKTOP,0,1,0.0,32.0
2025-12-24,https://prorenata.jp/posts/nursing-assistant-interview-prep,看護助手 面接,jpn,MOBILE,0,2,0.0,34.0
2025-12-24,https://prorenata.jp/posts/nursing-assistant-interview-prep,看護助手 面接 対策,jpn,DESKTOP,0,1,0.0,21.0
2025-12-24,https://prorenata.jp/posts/nursing-assistant-interview-prep,看護助手 面接 対策,jpn,MOBILE,0,2,0.0,25.0
2025-12-24,https://prorenata.jp/posts/nursing-assistant-interview-prep,看護助手 面接 聞かれること,jpn,MOBILE,0,1,0.0,1.0
2025-12-24,https://prorenata.jp/posts/nursing-assistant-interview-prep,看護助手 面接 質問,jpn,MOBILE,0,1,0.0,1.0
2025-12-24,https://prorenata.jp/posts/nursing-assistant-interview-prep,看護助手 面接 逆質問,jpn,MOBILE,0,1,0.0,1.0
2025-12-24,https://prorenata.jp/posts/nursing-assistant-job-change-manual,看護助手 面接 対策,jpn,MOBILE,0,1,0.0,42.0
2025-12-24,https://prorenata.jp/posts/nursing-assistant-latest-salary-comparison,看護助手 給料,jpn,DESKTOP,0,1,0.0,52.0
2025-12-24,https://prorenata.jp/posts/nursing-assistant-latest-salary-comparison,看護助手 給料,jpn,MOBILE,0,1,0.0,54.0
2025-12-24,https://prorenata.jp/posts/nursing-assistant-medical-terms,看護 用語 よく使う,jpn,MOBILE,0,2,0.0,9.5
2025-12-24,https://prorenata.jp/posts/nursing-assistant-patient-transfer-safety,スト レッチャー 移送 看護,jpn,DESKTOP,0,1,0.0,48.0
2025-12-24,https://prorenata.jp/posts/nursing-assistant-resignation-advice-insights,看護助手 辞めたい,jpn,MOBILE,0,1,0.0,1.0
2025-12-24,https://prorenata.jp/posts/nursing-assistant-resume-writing,看護助手 履歴書,jpn,DESKTOP,0,3,0.0,28.0
2025-12-24,https://prorenata.jp/posts/nursing-assistant-resume-writing,看護助手 履歴書,jpn,MOBILE,0,3,0.0,27.0
2025-12-24,https://prorenata.jp/posts/nursing-assistant-resume-writing,看護助手 履歴書 書き方,jpn,DESKTOP,0,1,0.0,18.0
2025-12-24,https://prorenata.jp/posts/nursing-assistant-resume-writing,看護助手 履歴書 書き方,jpn,MOBILE,0,2,0.0,19.0
2025-12-24,https://prorenata.jp/posts/nursing-assistant-resume-writing,看護助手 志望動機,jpn,DESKTOP,0,1,0.0,32.0
2025-12-24,https://prorenata.jp/posts/nursing-assistant-resume-writing,看護助手 志望動機,jpn,MOBILE,0,2,0.0,35.0
2025-12-24,https://prorenata.jp/posts/nursing-assistant-resume-writing,看護助手 職務経歴書,jpn,DESKTOP,0,1,0.0,27.0
2025-12-24,https://prorenata.jp/posts/nursing-assistant-resume-writing,看護助手 職務経歴書,jpn,MOBILE,0,2,0.0,29.5
2025-12-24,https://prorenata.jp/posts/nursing-assistant-resume-writing,看護助手 職務経歴書 書き方,jpn,DESKTOP,0,1,0.0,20.0
2025-12-24,https://prorenata.jp/posts/nursing-assistant-resume-writing,看護助手 職務経歴書 書き方,jpn,MOBILE,0,2,0.0,21.0
2025-12-24,https://prorenata.jp/posts/nursing-assistant-role-responsibility-team,看護補助者の役割と責任範囲,jpn,MOBILE,0,1,0.0,1.0
2025-12-24,https://prorenata.jp/posts/nursing-assistant-stressful-relationships-solutions,看護助手 辛い,jpn,DESKTOP,0,5,0.0,19.4
2025-12-24,https://prorenata.jp/posts/nursing-assistant-stressful-relationships-solutions,看護助手 辛い,jpn,MOBILE,0,2,0.0,32.0
2025-12-25,https://prorenata.jp/posts/nursing-assistant-aptitude-test,看護 師 適性 チェック,jpn,DESKTOP,0,1,0.0,48.0
2025-12-25,https://prorenata.jp/posts/nursing-assistant-career-vision,看護師 転職 ワークショップ,jpn,DESKTOP,0,1,0.0,92.0
2025-12-25,https://prorenata.jp/posts/nursing-assistant-career-vision,看護師 転職 ワークショップ,jpn,MOBILE,0,1,0.0,99.0
2025-12-25,https://prorenata.jp/posts/nursing-assistant-daily-schedule,看護助手 1日の流れ,jpn,DESKTOP,0,1,0.0,31.0
2025-12-25,https://prorenata.jp/posts/nursing-assistant-daily-schedule,看護助手 1日の流れ,jpn,MOBILE,0,1,0.0,27.0
2025-12-25,https://prorenata.jp/posts/nursing-assistant-essentials-checklist,看護助手 準備,jpn,DESKTOP,0,1,0.0,8.0
2025-12-25,https://prorenata.jp/posts/nursing-assistant-essentials-checklist,看護助手 準備,jpn,MOBILE,0,2,0.0,11.0
2025-12-25,https://prorenata.jp/posts/nursing-assistant-interview-prep,看護助手 面接,jpn,DESKTOP,0,2,0.0,32.0
2025-12-25,https://prorenata.jp/posts/nursing-assistant-interview-prep,看護助手 面接,jpn,MOBILE,0,2,0.0,35.0
2025-12-25,https://prorenata.jp/posts/nursing-assistant-interview-prep,看護助手 面接 対策,jpn,DESKTOP,0,3,0.0,21.0
2025-12-25,https://prorenata.jp/posts/nursing-assistant-interview-prep,看護助手 面接 対策,jpn,MOBILE,0,1,0.0,26.0
2025-12-25,https://prorenata.jp/posts/nursing-assistant-job-change-manual,看護助手 面接 対策,jpn,DESKTOP,0,1,0.0,44.0
2025-12-25,https://prorenata.jp/posts/nursing-assistant-job-change-manual,看護助手 面接 対策,jpn,MOBILE,0,1,0.0,46.0
2025-12-25,https://prorenata.jp/posts/nursing-assistant-medical-terms,様子観察 略語,jpn,MOBILE,0,1,0.0,4.0
2025-12-25,https://prorenata.jp/posts/nursing-assistant-medical-terms,看護 用語 よく使う,jpn,MOBILE,0,2,0.0,10.0
2025-12-25,https://prorenata.jp/posts/nursing-assistant-patient-transfer-safety,スト レッチャー 移送 看護,jpn,DESKTOP,0,1,0.0,50.0
2025-12-25,https://prorenata.jp/posts/nursing-assistant-resignation-advice-insights,看護助手 やめたほうがいい,jpn,DESKTOP,0,1,0.0,74.0
2025-12-25,https://prorenata.jp/posts/nursing-assistant-resignation-advice-insights,看護助手 やめたほうがいい,jpn,MOBILE,0,1,0.0,88.0
2025-12-25,https://prorenata.jp/posts/nursing-assistant-resume-writing,看護助手 履歴書,jpn,DESKTOP,0,3,0.0,25.333333333333332
2025-12-25,https://prorenata.jp/posts/nursing-assistant-resume-writing,看護助手 履歴書,jpn,MOBILE,0,4,0.0,26.75
2025-12-25,https://prorenata.jp/posts/nursing-assistant-resume-writing,看護助手 履歴書 書き方,jpn,DESKTOP,0,1,0.0,21.0
2025-12-25,https://prorenata.jp/posts/nursing-assistant-resume-writing,看護助手 履歴書 書き方,jpn,MOBILE,0,1,0.0,19.0
2025-12-25,https://prorenata.jp/posts/nursing-assistant-resume-writing,看護助手 志望動機,jpn,DESKTOP,0,4,0.0,32.0
2025-12-25,https://prorenata.jp/posts/nursing-assistant-resume-writing,看護助手 志望動機,jpn,MOBILE,0,4,0.0,37.25
2025-12-25,https://prorenata.jp/posts/nursing-assistant-resume-writing,看護助手 志望動機 例文,jpn,DESKTOP,0,2,0.0,26.5
2025-12-25,https://prorenata.jp/posts/nursing-assistant-resume-writing,看護助手 職務経歴書,jpn,DESKTOP,0,2,0.0,28.0
2025-12-25,https://prorenata.jp/posts/nursing-assistant-resume-writing,看護助手 職務経歴書,jpn,MOBILE,0,1,0.0,29.0
2025-12-25,https://prorenata.jp/posts/nursing-assistant-resume-writing,看護助手 職務経歴書 書き方,jpn,DESKTOP,0,1,0.0,20.0
2025-12-25,https://prorenata.jp/posts/nursing-assistant-resume-writing,看護助手 職務経歴書 書き方,jpn,MOBILE,0,1,0.0,22.0
2025-12-25,https://prorenata.jp/posts/nursing-assistant-resume-writing,看護助手 自己pr,jpn,DESKTOP,0,2,0.0,28.5
2025-12-25,https://prorenata.jp/posts/nursing-assistant-resume-writing,看護助手 自己pr,jpn,MOBILE,0,1,0.0,31.0
2025-12-25,https://prorenata.jp/posts/nursing-assistant-resume-writing,看護助手 自己pr 例文,jpn,DESKTOP,0,1,0.0,12.0
2025-12-25,https://prorenata.jp/posts/nursing-assistant-role-responsibility-team,看護助手 医療行為 違法,jpn,MOBILE,0,2,0.0,1.0
2025-12-25,https://prorenata.jp/posts/nursing-assistant-stressful-relationships-solutions,看護助手 辛い,jpn,DESKTOP,0,2,0.0,20.0
2025-12-25,https://prorenata.jp/posts/nursing-assistant-stressful-relationships-solutions,看護助手 辛い,jpn,MOBILE,0,1,0.0,21.0
2025-12-25,https://prorenata.jp/posts/nursing-assistant-stressful-relationships-solutions,看護師 人間関係 辛い,jpn,DESKTOP,0,2,0.0,46.0
2025-12-25,https://prorenata.jp/posts/nursing-assistant-suitable-person-characteristics,看護助手 向いてる人,jpn,DESKTOP,0,1,0.0,59.0
2025-12-25,https://prorenata.jp/posts/nursing-assistant-suitable-person-characteristics,看護助手向いてる人,jpn,DESKTOP,0,1,0.0,56.0
2025-12-25,https://prorenata.jp/posts/nursing-assistant-uniform-selection,看護助手 制服,jpn,DESKTOP,0,1,0.0,21.0
2025-12-25,https://prorenata.jp/posts/nursing-assistant-uniform-selection,看護助手 制服,jpn,MOBILE,0,1,0.0,25.0
2025-12-25,https://prorenata.jp/posts/nursing-assistant-uniform-selection,看護助手 服装,jpn,DESKTOP,0,1,0.0,24.0
2025-12-25,https://prorenata.jp/posts/nursing-assistant-uniform-selection,看護助手 服装,jpn,MOBILE,0,1,0.0,28.0
2025-12-26,https://prorenata.jp/posts/nursing-assistant-aptitude-test,看護 師 適性 チェック,jpn,DESKTOP,0,1,0.0,49.0
2025-12-26,https://prorenata.jp/posts/nursing-assistant-become-nurse-guide,看護助手から看護師,jpn,MOBILE,0,3,0.0,1.0
2025-12-26,https://prorenata.jp/posts/nursing-assistant-become-nurse-guide,看護助手から看護師になるには,jpn,MOBILE,0,2,0.0,12.0
2025-12-26,https://prorenata.jp/posts/nursing-assistant-career-vision,看護師 転職 ワークショップ,jpn,DESKTOP,0,1,0.0,98.0
2025-12-26,https://prorenata.jp/posts/nursing-assistant-daily-schedule,看護助手 1日の流れ,jpn,DESKTOP,0,1,0.0,25.0
2025-12-26,https://prorenata.jp/posts/nursing-assistant-daily-schedule,看護助手 1日の流れ,jpn,MOBILE,0,1,0.0,27.0
2025-12-26,https://prorenata.jp/posts/nursing-assistant-essentials-checklist,看護助手 準備,jpn,DESKTOP,0,1,0.0,10.0
2025-12-26,https://prorenata.jp/posts/nursing-assistant-essentials-checklist,看護助手 準備,jpn,MOBILE,0,4,0.0,11.0
2025-12-26,https://prorenata.jp/posts/nursing-assistant-interview-prep,看護助手 面接,jpn,DESKTOP,0,1,0.0,32.0
2025-12-26,https://prorenata.jp/posts/nursing-assistant-interview-prep,看護助手 面接,jpn,MOBILE,0,1,0.0,35.0
2025-12-26,https://prorenata.jp/posts/nursing-assistant-interview-prep,看護助手 面接 対策,jpn,DESKTOP,0,1,0.0,20.0
2025-12-26,https://prorenata.jp/posts/nursing-assistant-operating-room-duties,看護助手 オペ室,jpn,MOBILE,0,1,0.0,12.0
2025-12-26,https://prorenata.jp/posts/nursing-assistant-operating-room-duties,看護助手 手術室,jpn,MOBILE,0,3,0.0,11.0
2025-12-26,https://prorenata.jp/posts/nursing-assistant-resume-writing,看護助手 履歴書,jpn,DESKTOP,0,1,0.0,23.0
2025-12-26,https://prorenata.jp/posts/nursing-assistant-resume-writing,看護助手 履歴書,jpn,MOBILE,0,1,0.0,23.0
2025-12-26,https://prorenata.jp/posts/nursing-assistant-resume-writing,看護助手 履歴書 書き方,jpn,DESKTOP,0,1,0.0,18.0
2025-12-26,https://prorenata.jp/posts/nursing-assistant-resume-writing,看護助手 履歴書 書き方,jpn,MOBILE,0,1,0.0,21.0
2025-12-26,https://prorenata.jp/posts/nursing-assistant-resume-writing,看護助手 志望動機,jpn,DESKTOP,0,1,0.0,31.0
2025-12-26,https://prorenata.jp/posts/nursing-assistant-resume-writing,看護助手 志望動機,jpn,MOBILE,0,1,0.0,35.0
2025-12-26,https://prorenata.jp/posts/nursing-assistant-resume-writing,看護助手 職務経歴書,jpn,DESKTOP,0,1,0.0,28.0
2025-12-26,https://prorenata.jp/posts/nursing-assistant-resume-writing,看護助手 職務経歴書,jpn,MOBILE,0,1,0.0,30.0
2025-12-26,https://prorenata.jp/posts/nursing-assistant-resume-writing,看護助手 職務経歴書 書き方,jpn,DESKTOP,0,1,0.0,21.0
2025-12-26,https://prorenata.jp/posts/nursing-assistant-resume-writing,看護助手 職務経歴書 書き方,jpn,MOBILE,0,1,0.0,23.0
2025-12-26,https://prorenata.jp/posts/nursing-assistant-stressful-relationships-solutions,看護助手 辛い,jpn,DESKTOP,0,2,0.0,20.0
2025-12-26,https://prorenata.jp/posts/nursing-assistant-stressful-relationships-solutions,看護助手 辛い,jpn,MOBILE,0,1,0.0,20.0
2025-12-26,https://prorenata.jp/posts/nursing-assistant-stressful-relationships-solutions,看護師 人間関係 辛い,jpn,DESKTOP,0,2,0.0,46.5
2025-12-26,https://prorenata.jp/posts/nursing-assistant-stressful-relationships-solutions,看護師 人間関係 辛い,jpn,MOBILE,0,1,0.0,47.0
2025-12-26,https://prorenata.jp/posts/nursing-assistant-work-reform-examples,看護師 働き方改革 事例,bra,DESKTOP,0,1,0.0,67.0
2025-12-27,https://prorenata.jp/posts/nursing-assistant-aptitude-test,看護 師 科 適性 診断,jpn,DESKTOP,0,1,0.0,34.0
2025-12-27,https://prorenata.jp/posts/nursing-assistant-aptitude-test,看護 師 適性 チェック,jpn,DESKTOP,0,1,0.0,47.0
2025-12-27,https://prorenata.jp/posts/nursing-assistant-become-nurse-guide,看護助手から看護師,jpn,MOBILE,0,3,0.0,1.0
2025-12-27,https://prorenata.jp/posts/nursing-assistant-become-nurse-guide,看護助手から看護師になるには,jpn,MOBILE,0,1,0.0,12.0
2025-12-27,https://prorenata.jp/posts/nursing-assistant-daily-schedule,看護助手 1日の流れ,jpn,DESKTOP,0,1,0.0,26.0
2025-12-27,https://prorenata.jp/posts/nursing-assistant-essentials-checklist,看護助手 準備,jpn,DESKTOP,0,3,0.0,8.0
2025-12-27,https://prorenata.jp/posts/nursing-assistant-interview-prep,看護助手 面接,jpn,DESKTOP,0,2,0.0,29.5
2025-12-27,https://prorenata.jp/posts/nursing-assistant-interview-prep,看護助手 面接,jpn,MOBILE,0,1,0.0,35.0
2025-12-27,https://prorenata.jp/posts/nursing-assistant-interview-prep,看護助手 面接 対策,jpn,DESKTOP,0,1,0.0,18.0
2025-12-27,https://prorenata.jp/posts/nursing-assistant-interview-prep,看護助手 面接 対策,jpn,MOBILE,0,1,0.0,19.0
2025-12-27,https://prorenata.jp/posts/nursing-assistant-job-change-manual,看護助手 面接 対策,jpn,MOBILE,0,1,0.0,41.0
2025-12-27,https://prorenata.jp/posts/nursing-assistant-job-market-analysis,看護助手 人手不足,jpn,TABLET,0,1,0.0,54.0
2025-12-27,https://prorenata.jp/posts/nursing-assistant-medical-terms,様子観察 略語,jpn,MOBILE,0,2,0.0,4.5
2025-12-27,https://prorenata.jp/posts/nursing-assistant-medical-terms,看護 用語 よく使う,jpn,MOBILE,0,2,0.0,7.5
2025-12-27,https://prorenata.jp/posts/nursing-assistant-mental-care-stress,看護助手 きつい,jpn,DESKTOP,0,2,0.0,20.0
2025-12-27,https://prorenata.jp/posts/nursing-assistant-patient-transfer-safety,ストレッチャーからベッドへの移乗 手順,jpn,MOBILE,0,1,0.0,17.0
2025-12-27,https://prorenata.jp/posts/nursing-assistant-resignation-advice-insights,看護助手 辞めたい,jpn,MOBILE,0,1,0.0,1.0
2025-12-27,https://prorenata.jp/posts/nursing-assistant-resume-writing,看護助手 履歴書,jpn,DESKTOP,0,2,0.0,23.5
2025-12-27,https://prorenata.jp/posts/nursing-assistant-resume-writing,看護助手 履歴書,jpn,MOBILE,0,1,0.0,27.0
2025-12-27,https://prorenata.jp/posts/nursing-assistant-resume-writing,看護助手 履歴書 書き方,jpn,DESKTOP,0,1,0.0,17.0
2025-12-27,https://prorenata.jp/posts/nursing-assistant-resume-writing,看護助手 志望動機,jpn,DESKTOP,0,2,0.0,31.0
2025-12-27,https://prorenata.jp/posts/nursing-assistant-resume-writing,看護助手 職務経歴書,jpn,DESKTOP,0,1,0.0,27.0
2025-12-27,https://prorenata.jp/posts/nursing-assistant-resume-writing,看護助手 職務経歴書 書き方,jpn,DESKTOP,0,1,0.0,19.0
2025-12-27,https://prorenata.jp/posts/nursing-assistant-resume-writing,看護助手 自己pr,jpn,DESKTOP,0,1,0.0,27.0
2025-12-27,https://prorenata.jp/posts/nursing-assistant-resume-writing,看護助手 自己pr,jpn,MOBILE,0,1,0.0,29.0
2025-12-27,https://prorenata.jp/posts/nursing-assistant-stressful-relationships-solutions,看護助手 辛い,jpn,DESKTOP,0,2,0.0,19.0
2025-12-27,https://prorenata.jp/posts/nursing-assistant-uniform-selection,看護助手 服装,jpn,DESKTOP,0,1,0.0,22.0
2025-12-27,https://prorenata.jp/posts/nursing-assistant-uniform-selection,看護助手 服装,jpn,MOBILE,0,1,0.0,25.0
2025-12-28,https://prorenata.jp/posts/nursing-assistant-aptitude-test,看護 師 に 向い て いるか 診断,jpn,DESKTOP,0,1,0.0,34.0
2025-12-28,https://prorenata.jp/posts/nursing-assistant-aptitude-test,看護 師 適性 チェック,jpn,DESKTOP,0,1,0.0,48.0
2025-12-28,https://prorenata.jp/posts/nursing-assistant-aptitude-test,精神 科 看護助手 向い てる 人,jpn,MOBILE,0,1,0.0,1.0
2025-12-28,https://prorenata.jp/posts/nursing-assistant-become-nurse-guide,看護師になるには 最短,jpn,DESKTOP,0,1,0.0,35.0
2025-12-28,https://prorenata.jp/posts/nursing-assistant-become-nurse-guide,看護師になるには 最短,jpn,MOBILE,0,1,0.0,37.0
2025-12-28,https://prorenata.jp/posts/nursing-assistant-career-vision,看護師 転職 ワークショップ,jpn,DESKTOP,0,2,0.0,93.0
2025-12-28,https://prorenata.jp/posts/nursing-assistant-daily-schedule,看護助手 1日の流れ,jpn,DESKTOP,0,1,0.0,27.0
2025-12-28,https://prorenata.jp/posts/nursing-assistant-daily-schedule,看護助手 1日の流れ,jpn,MOBILE,0,2,0.0,27.0
2025-12-28,https://prorenata.jp/posts/nursing-assistant-essentials-checklist,看護助手 準備,jpn,DESKTOP,0,2,0.0,9.0
2025-12-28,https://prorenata.jp/posts/nursing-assistant-essentials-checklist,看護助手 準備,jpn,MOBILE,0,5,0.0,7.6
2025-12-28,https://prorenata.jp/posts/nursing-assistant-interview-prep,看護助手 面接,jpn,DESKTOP,0,1,0.0,34.0
2025-12-28,https://prorenata.jp/posts/nursing-assistant-interview-prep,看護助手 面接,jpn,MOBILE,0,1,0.0,32.0
2025-12-28,https://prorenata.jp/posts/nursing-assistant-interview-prep,看護助手 面接 対策,jpn,DESKTOP,0,1,0.0,19.0
2025-12-28,https://prorenata.jp/posts/nursing-assistant-interview-prep,看護助手 面接 対策,jpn,MOBILE,0,2,0.0,24.5
2025-12-28,https://prorenata.jp/posts/nursing-assistant-job-change-manual,看護助手 面接 対策,jpn,DESKTOP,0,1,0.0,40.0
2025-12-28,https://prorenata.jp/posts/nursing-assistant-job-change-manual,看護助手 面接 対策,jpn,MOBILE,0,2,0.0,42.5
2025-12-28,https://prorenata.jp/posts/nursing-assistant-mental-care-stress,看護助手 きつい,jpn,MOBILE,0,1,0.0,20.0
2025-12-28,https://prorenata.jp/posts/nursing-assistant-operating-room-duties,オペ室 看護助手 大変,jpn,MOBILE,0,1,0.0,18.0
2025-12-28,https://prorenata.jp/posts/nursing-assistant-patient-transfer-safety,スト レッチャー 移送 看護,jpn,DESKTOP,0,1,0.0,50.0
2025-12-28,https://prorenata.jp/posts/nursing-assistant-patient-transfer-safety,スト レッチャー 移送 看護 師 向き,jpn,MOBILE,0,1,0.0,40.0
2025-12-28,https://prorenata.jp/posts/nursing-assistant-resume-writing,看護助手 履歴書,jpn,DESKTOP,0,1,0.0,38.0
2025-12-28,https://prorenata.jp/posts/nursing-assistant-resume-writing,看護助手 履歴書,jpn,MOBILE,0,3,0.0,30.0
2025-12-28,https://prorenata.jp/posts/nursing-assistant-resume-writing,看護助手 履歴書 書き方,jpn,DESKTOP,0,1,0.0,17.0
2025-12-28,https://prorenata.jp/posts/nursing-assistant-resume-writing,看護助手 履歴書 書き方,jpn,MOBILE,0,1,0.0,18.0
2025-12-28,https://prorenata.jp/posts/nursing-assistant-resume-writing,看護助手 志望動機,jpn,DESKTOP,0,1,0.0,31.0
2025-12-28,https://prorenata.jp/posts/nursing-assistant-resume-writing,看護助手 志望動機,jpn,MOBILE,0,1,0.0,36.0
2025-12-28,https://prorenata.jp/posts/nursing-assistant-resume-writing,看護助手 職務経歴書,jpn,DESKTOP,0,1,0.0,27.0
2025-12-28,https://prorenata.jp/posts/nursing-assistant-resume-writing,看護助手 職務経歴書,jpn,MOBILE,0,2,0.0,29.0
2025-12-28,https://prorenata.jp/posts/nursing-assistant-resume-writing,看護助手 職務経歴書 書き方,jpn,DESKTOP,0,1,0.0,19.0
2025-12-28,https://prorenata.jp/posts/nursing-assistant-resume-writing,看護助手 職務経歴書 書き方,jpn,MOBILE,0,3,0.0,21.333333333333332
2025-12-28,https://prorenata.jp/posts/nursing-assistant-role-responsibility-team,看護補助者の役割と責任範囲,jpn,MOBILE,0,1,0.0,1.0
2025-12-28,https://prorenata.jp/posts/nursing-assistant-stressful-relationships-solutions,看護助手 辛い,jpn,DESKTOP,0,2,0.0,20.0
2025-12-28,https://prorenata.jp/posts/nursing-assistant-stressful-relationships-solutions,看護助手 辛い,jpn,MOBILE,0,1,0.0,20.0
2025-12-28,https://prorenata.jp/posts/nursing-assistant-stressful-relationships-solutions,看護師 人間関係 辛い,jpn,MOBILE,0,1,0.0,46.0
2025-12-28,https://prorenata.jp/posts/nursing-assistant-vital-signs-support,バイタルサイン 目的,jpn,DESKTOP,0,1,0.0,71.0
2025-12-28,https://prorenata.jp/posts/nursing-assistant-vital-signs-support,バイタルサイン目的,jpn,DESKTOP,0,1,0.0,69.0
2025-12-29,https://prorenata.jp/posts/nursing-assistant-aptitude-test,看護 師 に 向い て いるか 診断,jpn,DESKTOP,0,1,0.0,42.0
2025-12-29,https://prorenata.jp/posts/nursing-assistant-aptitude-test,看護 師 科 適性 診断,jpn,DESKTOP,0,1,0.0,37.0
2025-12-29,https://prorenata.jp/posts/nursing-assistant-aptitude-test,看護 師 適性 チェック,jpn,DESKTOP,0,1,0.0,46.0
2025-12-29,https://prorenata.jp/posts/nursing-assistant-become-nurse-guide,看護助手から看護師になるには,jpn,MOBILE,0,1,0.0,12.0
2025-12-29,https://prorenata.jp/posts/nursing-assistant-career-vision,看護師 転職 ワークショップ,jpn,MOBILE,0,1,0.0,92.0
2025-12-29,https://prorenata.jp/posts/nursing-assistant-daily-schedule,看護助手 1日の流れ,jpn,DESKTOP,0,1,0.0,28.0
2025-12-29,https://prorenata.jp/posts/nursing-assistant-daily-schedule,看護助手 1日の流れ,jpn,MOBILE,0,1,0.0,27.0
2025-12-29,https://prorenata.jp/posts/nursing-assistant-essentials-checklist,看護助手 準備,jpn,DESKTOP,0,2,0.0,10.0
2025-12-29,https://prorenata.jp/posts/nursing-assistant-essentials-checklist,看護助手 準備,jpn,MOBILE,0,2,0.0,11.0
2025-12-29,https://prorenata.jp/posts/nursing-assistant-interview-prep,看護助手 面接,jpn,DESKTOP,0,1,0.0,34.0
2025-12-29,https://prorenata.jp/posts/nursing-assistant-interview-prep,看護助手 面接,jpn,MOBILE,0,2,0.0,28.0
2025-12-29,https://prorenata.jp/posts/nursing-assistant-interview-prep,看護助手 面接 対策,jpn,DESKTOP,0,1,0.0,18.0
2025-12-29,https://prorenata.jp/posts/nursing-assistant-interview-prep,看護助手 面接 対策,jpn,MOBILE,0,1,0.0,37.0
2025-12-29,https://prorenata.jp/posts/nursing-assistant-interview-tips-support,看護助手 面接 対策,jpn,MOBILE,0,1,0.0,24.0
2025-12-29,https://prorenata.jp/posts/nursing-assistant-job-change-manual,看護助手 面接,jpn,MOBILE,0,1,0.0,15.0
2025-12-29,https://prorenata.jp/posts/nursing-assistant-job-change-manual,看護助手 面接 対策,jpn,DESKTOP,0,1,0.0,37.0
2025-12-29,https://prorenata.jp/posts/nursing-assistant-latest-salary-comparison,ナースエイド 給料,jpn,DESKTOP,0,1,0.0,92.0
2025-12-29,https://prorenata.jp/posts/nursing-assistant-medical-terms,様子観察 略語,jpn,MOBILE,0,2,0.0,4.0
2025-12-29,https://prorenata.jp/posts/nursing-assistant-patient-transfer-safety,スト レッチャー 移送 看護,jpn,DESKTOP,0,1,0.0,50.0
2025-12-29,https://prorenata.jp/posts/nursing-assistant-resignation-advice-insights,看護助手 辞めたい,jpn,DESKTOP,0,1,0.0,11.0
2025-12-29,https://prorenata.jp/posts/nursing-assistant-resume-writing,看護助手 履歴書,jpn,DESKTOP,0,2,0.0,22.0
2025-12-29,https://prorenata.jp/posts/nursing-assistant-resume-writing,看護助手 履歴書,jpn,MOBILE,0,1,0.0,46.0
2025-12-29,https://prorenata.jp/posts/nursing-assistant-resume-writing,看護助手 履歴書 書き方,jpn,DESKTOP,0,1,0.0,18.0
2025-12-29,https://prorenata.jp/posts/nursing-assistant-resume-writing,看護助手 履歴書 書き方,jpn,MOBILE,0,2,0.0,17.0
2025-12-29,https://prorenata.jp/posts/nursing-assistant-resume-writing,看護助手 志望動機,jpn,DESKTOP,0,1,0.0,31.0
2025-12-29,https://prorenata.jp/posts/nursing-assistant-resume-writing,看護助手 志望動機,jpn,MOBILE,0,2,0.0,34.0
2025-12-29,https://prorenata.jp/posts/nursing-assistant-resume-writing,看護助手 職務経歴書,jpn,DESKTOP,0,1,0.0,29.0
2025-12-29,https://prorenata.jp/posts/nursing-assistant-resume-writing,看護助手 職務経歴書,jpn,MOBILE,0,1,0.0,29.0
2025-12-29,https://prorenata.jp/posts/nursing-assistant-resume-writing,看護助手 職務経歴書 書き方,jpn,DESKTOP,0,1,0.0,19.0
2025-12-29,https://prorenata.jp/posts/nursing-assistant-resume-writing,看護助手 職務経歴書 書き方,jpn,MOBILE,0,1,0.0,25.0
2025-12-29,https://prorenata.jp/posts/nursing-assistant-stressful-relationships-solutions,看護助手 辛い,jpn,DESKTOP,0,2,0.0,22.0
2025-12-29,https://prorenata.jp/posts/nursing-assistant-stressful-relationships-solutions,看護助手 辛い,jpn,MOBILE,0,2,0.0,20.5
2025-12-29,https://prorenata.jp/posts/nursing-assistant-stressful-relationships-solutions,看護師 人間関係 辛い,jpn,DESKTOP,0,1,0.0,44.0
2025-12-29,https://prorenata.jp/posts/nursing-assistant-suitable-person-characteristics,看護助手 向いてる人,jpn,MOBILE,0,1,0.0,69.0
2025-12-29,https://prorenata.jp/posts/nursing-assistant-work-reform-examples,看護師 働き方改革 事例,jpn,DESKTOP,0,1,0.0,48.0
2025-12-30,https://prorenata.jp/posts/nursing-assistant-aptitude-test,看護 師 に 向い て いるか 診断,jpn,DESKTOP,0,1,0.0,35.0
2025-12-30,https://prorenata.jp/posts/nursing-assistant-aptitude-test,看護 師 適性 チェック,jpn,DESKTOP,0,1,0.0,47.0
2025-12-30,https://prorenata.jp/posts/nursing-assistant-career-vision,看護師 転職 ワークショップ,jpn,DESKTOP,0,1,0.0,93.0
2025-12-30,https://prorenata.jp/posts/nursing-assistant-daily-schedule,看護助手 1日の流れ,jpn,DESKTOP,0,1,0.0,25.0
2025-12-30,https://prorenata.jp/posts/nursing-assistant-daily-schedule,看護助手 1日の流れ,jpn,MOBILE,0,1,0.0,28.0
2025-12-30,https://prorenata.jp/posts/nursing-assistant-essentials-checklist,看護助手 準備,jpn,DESKTOP,0,2,0.0,10.0
2025-12-30,https://prorenata.jp/posts/nursing-assistant-essentials-checklist,看護助手 準備,jpn,MOBILE,0,8,0.0,8.875
2025-12-30,https://prorenata.jp/posts/nursing-assistant-interview-prep,看護助手 面接,jpn,DESKTOP,0,1,0.0,33.0
2025-12-30,https://prorenata.jp/posts/nursing-assistant-interview-prep,看護助手 面接,jpn,MOBILE,0,1,0.0,37.0
2025-12-30,https://prorenata.jp/posts/nursing-assistant-interview-prep,看護助手 面接 対策,jpn,DESKTOP,0,1,0.0,41.0
2025-12-30,https://prorenata.jp/posts/nursing-assistant-interview-prep,看護助手 面接 対策,jpn,MOBILE,0,2,0.0,39.0
2025-12-30,https://prorenata.jp/posts/nursing-assistant-interview-tips-support,看護助手 志望動機,jpn,MOBILE,0,1,0.0,35.0
2025-12-30,https://prorenata.jp/posts/nursing-assistant-interview-tips-support,看護助手 面接 対策,jpn,DESKTOP,0,1,0.0,22.0
2025-12-30,https://prorenata.jp/posts/nursing-assistant-interview-tips-support,看護助手 面接 対策,jpn,MOBILE,0,2,0.0,25.0
2025-12-30,https://prorenata.jp/posts/nursing-assistant-latest-salary-comparison,看護助手 給料,jpn,DESKTOP,0,1,0.0,53.0
2025-12-30,https://prorenata.jp/posts/nursing-assistant-latest-salary-comparison,看護助手 給料,jpn,MOBILE,0,1,0.0,56.0
2025-12-30,https://prorenata.jp/posts/nursing-assistant-patient-transfer-safety,スト レッチャー 移送 看護,jpn,DESKTOP,0,1,0.0,39.0
2025-12-30,https://prorenata.jp/posts/nursing-assistant-resignation-advice-insights,看護助手 辞めたい,jpn,DESKTOP,0,1,0.0,12.0
2025-12-30,https://prorenata.jp/posts/nursing-assistant-resume-writing,看護助手 履歴書,jpn,DESKTOP,0,1,0.0,19.0
2025-12-30,https://prorenata.jp/posts/nursing-assistant-resume-writing,看護助手 履歴書,jpn,MOBILE,0,1,0.0,21.0
2025-12-30,https://prorenata.jp/posts/nursing-assistant-resume-writing,看護助手 履歴書 書き方,jpn,DESKTOP,0,1,0.0,14.0
2025-12-30,https://prorenata.jp/posts/nursing-assistant-resume-writing,看護助手 履歴書 書き方,jpn,MOBILE,0,2,0.0,17.0
2025-12-30,https://prorenata.jp/posts/nursing-assistant-resume-writing,看護助手 志望動機,jpn,DESKTOP,0,1,0.0,31.0
2025-12-30,https://prorenata.jp/posts/nursing-assistant-resume-writing,看護助手 志望動機 例文,jpn,DESKTOP,0,1,0.0,29.0
2025-12-30,https://prorenata.jp/posts/nursing-assistant-resume-writing,看護助手 職務経歴書,jpn,DESKTOP,0,1,0.0,26.0
2025-12-30,https://prorenata.jp/posts/nursing-assistant-resume-writing,看護助手 職務経歴書,jpn,MOBILE,0,1,0.0,28.0
2025-12-30,https://prorenata.jp/posts/nursing-assistant-resume-writing,看護助手 職務経歴書 書き方,jpn,DESKTOP,0,1,0.0,19.0
2025-12-30,https://prorenata.jp/posts/nursing-assistant-resume-writing,看護助手 職務経歴書 書き方,jpn,MOBILE,0,1,0.0,20.0
2025-12-30,https://prorenata.jp/posts/nursing-assistant-resume-writing,看護助手 自己pr 例文,jpn,MOBILE,0,1,0.0,15.0
2025-12-30,https://prorenata.jp/posts/nursing-assistant-role-responsibility-team,看護補助者の役割と責任範囲,jpn,MOBILE,0,1,0.0,1.0
2025-12-30,https://prorenata.jp/posts/nursing-assistant-stressful-relationships-solutions,看護助手 辛い,jpn,DESKTOP,0,3,0.0,25.0
2025-12-30,https://prorenata.jp/posts/nursing-assistant-stressful-relationships-solutions,看護助手 辛い,jpn,MOBILE,0,2,0.0,28.0
2025-12-30,https://prorenata.jp/posts/nursing-assistant-uniform-selection,看護 助手 制服,jpn,DESKTOP,0,1,0.0,15.0
2025-12-30,https://prorenata.jp/posts/nursing-assistant-work-reform-examples,看護師 働き方改革 取り組み,jpn,MOBILE,0,1,0.0,49.0
2025-12-31,https://prorenata.jp/posts/nursing-assistant-career-vision,看護師 転職 ワークショップ,jpn,DESKTOP,0,1,0.0,85.0
2025-12-31,https://prorenata.jp/posts/nursing-assistant-daily-schedule,看護助手 1日の流れ,jpn,DESKTOP,0,1,0.0,27.0
2025-12-31,https://prorenata.jp/posts/nursing-assistant-essentials-checklist,看護助手 準備,jpn,DESKTOP,0,3,0.0,11.333333333333334
2025-12-31,https://prorenata.jp/posts/nursing-assistant-essentials-checklist,看護助手 準備,jpn,MOBILE,0,6,0.0,11.666666666666666
2025-12-31,https://prorenata.jp/posts/nursing-assistant-interview-prep,看護助手 面接,jpn,DESKTOP,0,2,0.0,32.5
2025-12-31,https://prorenata.jp/posts/nursing-assistant-interview-prep,看護助手 面接,jpn,MOBILE,0,1,0.0,34.0
2025-12-31,https://prorenata.jp/posts/nursing-assistant-interview-prep,看護助手 面接 対策,jpn,DESKTOP,0,1,0.0,28.0
2025-12-31,https://prorenata.jp/posts/nursing-assistant-interview-prep,看護助手 面接 対策,jpn,MOBILE,0,2,0.0,45.0
2025-12-31,https://prorenata.jp/posts/nursing-assistant-interview-tips-support,看護助手 志望動機,jpn,DESKTOP,0,1,0.0,32.0
2025-12-31,https://prorenata.jp/posts/nursing-assistant-interview-tips-support,看護助手 志望動機,jpn,MOBILE,0,2,0.0,35.0
2025-12-31,https://prorenata.jp/posts/nursing-assistant-interview-tips-support,看護助手 面接,jpn,DESKTOP,0,1,0.0,57.0
2025-12-31,https://prorenata.jp/posts/nursing-assistant-interview-tips-support,看護助手 面接 対策,jpn,DESKTOP,0,1,0.0,17.0
2025-12-31,https://prorenata.jp/posts/nursing-assistant-interview-tips-support,看護助手 面接 対策,jpn,MOBILE,0,2,0.0,27.0
2025-12-31,https://prorenata.jp/posts/nursing-assistant-job-change-manual,看護助手 面接,jpn,DESKTOP,0,1,0.0,93.0
2025-12-31,https://prorenata.jp/posts/nursing-assistant-latest-salary-comparison,看護助手 給料,jpn,DESKTOP,0,1,0.0,52.0
2025-12-31,https://prorenata.jp/posts/nursing-assistant-medical-terms,看護 用語 よく使う,jpn,MOBILE,0,1,0.0,6.0
2025-12-31,https://prorenata.jp/posts/nursing-assistant-resume-writing,看護助手 履歴書,jpn,DESKTOP,0,2,0.0,20.0
2025-12-31,https://prorenata.jp/posts/nursing-assistant-resume-writing,看護助手 履歴書,jpn,MOBILE,0,2,0.0,22.0
2025-12-31,https://prorenata.jp/posts/nursing-assistant-resume-writing,看護助手 履歴書 書き方,jpn,DESKTOP,0,1,0.0,16.0
2025-12-31,https://prorenata.jp/posts/nursing-assistant-resume-writing,看護助手 履歴書 書き方,jpn,MOBILE,0,2,0.0,16.0
2025-12-31,https://prorenata.jp/posts/nursing-assistant-resume-writing,看護助手 志望動機,jpn,DESKTOP,0,1,0.0,48.0
2025-12-31,https://prorenata.jp/posts/nursing-assistant-resume-writing,看護助手 志望動機,jpn,MOBILE,0,1,0.0,51.0
2025-12-31,https://prorenata.jp/posts/nursing-assistant-resume-writing,看護助手 職務経歴書,jpn,DESKTOP,0,1,0.0,28.0
2025-12-31,https://prorenata.jp/posts/nursing-assistant-resume-writing,看護助手 職務経歴書,jpn,MOBILE,0,2,0.0,30.0
2025-12-31,https://prorenata.jp/posts/nursing-assistant-resume-writing,看護助手 職務経歴書 書き方,jpn,DESKTOP,0,1,0.0,19.0
2025-12-31,https://prorenata.jp/posts/nursing-assistant-resume-writing,看護助手 職務経歴書 書き方,jpn,MOBILE,0,1,0.0,22.0
2025-12-31,https://prorenata.jp/posts/nursing-assistant-role-responsibility-team,看護補助者の役割と責任範囲,jpn,MOBILE,0,3,0.0,1.0
2025-12-31,https://prorenata.jp/posts/nursing-assistant-stressful-relationships-solutions,看護助手 人間関係,jpn,MOBILE,0,1,0.0,35.0
2025-12-31,https://prorenata.jp/posts/nursing-assistant-stressful-relationships-solutions,看護助手 辛い,jpn,DESKTOP,0,2,0.0,20.5
2025-12-31,https://prorenata.jp/posts/nursing-assistant-stressful-relationships-solutions,看護助手 辛い,jpn,MOBILE,0,3,0.0,22.333333333333332
2025-12-31,https://prorenata.jp/posts/nursing-assistant-suitable-person-characteristics,看護助手 向いている人,jpn,DESKTOP,0,1,0.0,40.0
2025-12-31,https://prorenata.jp/posts/nursing-assistant-suitable-person-characteristics,看護助手 向いている人,jpn,MOBILE,0,1,0.0,39.0
2025-12-31,https://prorenata.jp/posts/nursing-assistant-suitable-person-characteristics,看護助手 向いてる人,jpn,DESKTOP,0,1,0.0,55.0
2025-12-31,https://prorenata.jp/posts/nursing-assistant-suitable-person-characteristics,看護助手 向いてる人,jpn,MOBILE,0,1,0.0,60.0
2026-01-01,https://prorenata.jp/posts/nursing-assistant-career-vision,看護師 転職 ワークショップ,jpn,DESKTOP,0,1,0.0,92.0
2026-01-01,https://prorenata.jp/posts/nursing-assistant-career-vision,看護師 転職 ワークショップ,jpn,MOBILE,0,1,0.0,102.0
2026-01-01,https://prorenata.jp/posts/nursing-assistant-daily-schedule,看護助手 1日の流れ,jpn,DESKTOP,0,1,0.0,24.0
2026-01-01,https://prorenata.jp/posts/nursing-assistant-daily-schedule,看護助手 1日の流れ,jpn,MOBILE,0,1,0.0,27.0
2026-01-01,https://prorenata.jp/posts/nursing-assistant-essentials-checklist,看護助手 準備,jpn,DESKTOP,0,3,0.0,10.0
2026-01-01,https://prorenata.jp/posts/nursing-assistant-essentials-checklist,看護助手 準備,jpn,MOBILE,0,1,0.0,12.0
2026-01-01,https://prorenata.jp/posts/nursing-assistant-interview-prep,看護助手 面接,jpn,DESKTOP,0,1,0.0,34.0
2026-01-01,https://prorenata.jp/posts/nursing-assistant-interview-prep,看護助手 面接,jpn,MOBILE,0,1,0.0,34.0
2026-01-01,https://prorenata.jp/posts/nursing-assistant-interview-prep,看護助手 面接 対策,jpn,DESKTOP,0,1,0.0,33.0
2026-01-01,https://prorenata.jp/posts/nursing-assistant-interview-prep,看護助手 面接 対策,jpn,MOBILE,0,1,0.0,36.0
2026-01-01,https://prorenata.jp/posts/nursing-assistant-interview-tips-support,看護助手 志望動機,jpn,DESKTOP,0,3,0.0,32.0
2026-01-01,https://prorenata.jp/posts/nursing-assistant-interview-tips-support,看護助手 志望動機,jpn,MOBILE,0,2,0.0,49.0
2026-01-01,https://prorenata.jp/posts/nursing-assistant-interview-tips-support,看護助手 面接 対策,jpn,DESKTOP,0,1,0.0,19.0
2026-01-01,https://prorenata.jp/posts/nursing-assistant-interview-tips-support,看護助手 面接 対策,jpn,MOBILE,0,1,0.0,23.0
2026-01-01,https://prorenata.jp/posts/nursing-assistant-interview-tips-support,看護助手志望動機,jpn,DESKTOP,0,1,0.0,55.0
2026-01-01,https://prorenata.jp/posts/nursing-assistant-job-change-manual,看護助手 面接 対策,jpn,MOBILE,0,1,0.0,50.0
2026-01-01,https://prorenata.jp/posts/nursing-assistant-medical-terms,様子観察 略語,jpn,MOBILE,0,1,0.0,4.0
2026-01-01,https://prorenata.jp/posts/nursing-assistant-patient-transfer-safety,スト レッチャー 移送 看護,jpn,DESKTOP,0,1,0.0,49.0
2026-01-01,https://prorenata.jp/posts/nursing-assistant-resignation-advice-insights,看護助手 やめたほうがいい,jpn,DESKTOP,0,1,0.0,85.0
2026-01-01,https://prorenata.jp/posts/nursing-assistant-resignation-advice-insights,看護助手 やめたほうがいい,jpn,MOBILE,0,1,0.0,59.0
2026-01-01,https://prorenata.jp/posts/nursing-assistant-resume-writing,看護助手 履歴書,jpn,MOBILE,0,1,0.0,22.0
2026-01-01,https://prorenata.jp/posts/nursing-assistant-resume-writing,看護助手 履歴書 書き方,jpn,DESKTOP,0,1,0.0,15.0
2026-01-01,https://prorenata.jp/posts/nursing-assistant-resume-writing,看護助手 履歴書 書き方,jpn,MOBILE,0,1,0.0,16.0
2026-01-01,https://prorenata.jp/posts/nursing-assistant-resume-writing,看護助手 志望動機,jpn,DESKTOP,0,3,0.0,46.666666666666664
2026-01-01,https://prorenata.jp/posts/nursing-assistant-resume-writing,看護助手 志望動機,jpn,MOBILE,0,2,0.0,43.0
2026-01-01,https://prorenata.jp/posts/nursing-assistant-resume-writing,看護助手 職務経歴書,jpn,DESKTOP,0,1,0.0,28.0
2026-01-01,https://prorenata.jp/posts/nursing-assistant-resume-writing,看護助手 職務経歴書,jpn,MOBILE,0,1,0.0,29.0
2026-01-01,https://prorenata.jp/posts/nursing-assistant-resume-writing,看護助手 職務経歴書 書き方,jpn,DESKTOP,0,1,0.0,18.0
2026-01-01,https://prorenata.jp/posts/nursing-assistant-resume-writing,看護助手 職務経歴書 書き方,jpn,MOBILE,0,1,0.0,20.0
2026-01-01,https://prorenata.jp/posts/nursing-assistant-resume-writing,看護助手志望動機,jpn,DESKTOP,0,1,0.0,32.0
2026-01-01,https://prorenata.jp/posts/nursing-assistant-stressful-relationships-solutions,看護助手 辛い,jpn,DESKTOP,0,2,0.0,19.0
2026-01-01,https://prorenata.jp/posts/nursing-assistant-stressful-relationships-solutions,看護助手 辛い,jpn,MOBILE,0,1,0.0,24.0
2026-01-01,https://prorenata.jp/posts/nursing-assistant-stressful-relationships-solutions,看護師 人間関係 辛い,jpn,MOBILE,0,1,0.0,44.0
2026-01-01,https://prorenata.jp/posts/nursing-assistant-work-reform-examples,看護師 働き方改革 事例,jpn,DESKTOP,0,1,0.0,47.0
2026-01-02,https://prorenata.jp/posts/nursing-assistant-aptitude-test,看護 師 適性 チェック,jpn,DESKTOP,0,1,0.0,49.0
2026-01-02,https://prorenata.jp/posts/nursing-assistant-career-vision,看護師 転職 ワークショップ,jpn,DESKTOP,0,1,0.0,84.0
2026-01-02,https://prorenata.jp/posts/nursing-assistant-daily-schedule,看護助手 1日の流れ,jpn,DESKTOP,0,1,0.0,26.0
2026-01-02,https://prorenata.jp/posts/nursing-assistant-daily-schedule,看護助手 1日の流れ,jpn,MOBILE,0,1,0.0,31.0
2026-01-02,https://prorenata.jp/posts/nursing-assistant-essentials-checklist,看護助手 準備,jpn,DESKTOP,0,3,0.0,11.0
2026-01-02,https://prorenata.jp/posts/nursing-assistant-essentials-checklist,看護助手 準備,jpn,MOBILE,0,2,0.0,10.0
2026-01-02,https://prorenata.jp/posts/nursing-assistant-interview-prep,看護助手 面接,jpn,DESKTOP,0,1,0.0,43.0
2026-01-02,https://prorenata.jp/posts/nursing-assistant-interview-prep,看護助手 面接,jpn,MOBILE,0,1,0.0,33.0
2026-01-02,https://prorenata.jp/posts/nursing-assistant-interview-prep,看護助手 面接 対策,jpn,DESKTOP,0,1,0.0,32.0
2026-01-02,https://prorenata.jp/posts/nursing-assistant-interview-prep,看護助手 面接 対策,jpn,MOBILE,0,1,0.0,48.0
2026-01-02,https://prorenata.jp/posts/nursing-assistant-interview-tips-compass,看護助手 面接 対策,jpn,MOBILE,0,1,0.0,36.0
2026-01-02,https://prorenata.jp/posts/nursing-assistant-interview-tips-support,看護助手 面接 対策,jpn,DESKTOP,0,1,0.0,18.0
2026-01-02,https://prorenata.jp/posts/nursing-assistant-interview-tips-support,看護助手 面接 対策,jpn,MOBILE,0,1,0.0,23.0
2026-01-02,https://prorenata.jp/posts/nursing-assistant-job-change-manual,看護助手 面接 対策,jpn,DESKTOP,0,1,0.0,48.0
2026-01-02,https://prorenata.jp/posts/nursing-assistant-medical-terms,看護 用語 よく使う,jpn,TABLET,0,1,0.0,6.0
2026-01-02,https://prorenata.jp/posts/nursing-assistant-patient-transfer-safety,スト レッチャー 移送 看護,jpn,DESKTOP,0,1,0.0,50.0
2026-01-02,https://prorenata.jp/posts/nursing-assistant-resume-writing,看護助手 履歴書,jpn,DESKTOP,0,1,0.0,20.0
2026-01-02,https://prorenata.jp/posts/nursing-assistant-resume-writing,看護助手 履歴書,jpn,MOBILE,0,1,0.0,22.0
2026-01-02,https://prorenata.jp/posts/nursing-assistant-resume-writing,看護助手 履歴書 書き方,jpn,DESKTOP,0,1,0.0,15.0
2026-01-02,https://prorenata.jp/posts/nursing-assistant-resume-writing,看護助手 履歴書 書き方,jpn,MOBILE,0,1,0.0,16.0
2026-01-02,https://prorenata.jp/posts/nursing-assistant-resume-writing,看護助手 志望動機,jpn,DESKTOP,0,1,0.0,31.0
2026-01-02,https://prorenata.jp/posts/nursing-assistant-resume-writing,看護助手 志望動機,jpn,MOBILE,0,1,0.0,32.0
2026-01-02,https://prorenata.jp/posts/nursing-assistant-resume-writing,看護助手 職務経歴書,jpn,DESKTOP,0,1,0.0,28.0
2026-01-02,https://prorenata.jp/posts/nursing-assistant-resume-writing,看護助手 職務経歴書,jpn,MOBILE,0,1,0.0,30.0
2026-01-02,https://prorenata.jp/posts/nursing-assistant-resume-writing,看護助手 職務経歴書 書き方,jpn,DESKTOP,0,1,0.0,20.0
2026-01-02,https://prorenata.jp/posts/nursing-assistant-resume-writing,看護助手 職務経歴書 書き方,jpn,MOBILE,0,1,0.0,21.0
2026-01-02,https://prorenata.jp/posts/nursing-assistant-stressful-relationships-solutions,看護助手 辛い,jpn,MOBILE,0,1,0.0,24.0
2026-01-02,https://prorenata.jp/posts/nursing-assistant-stressful-relationships-solutions,看護師 人間関係 辛い,jpn,DESKTOP,0,1,0.0,43.0
2026-01-03,https://prorenata.jp/posts/nursing-assistant-career-vision,看護師 転職 ワークショップ,jpn,DESKTOP,0,1,0.0,96.0
2026-01-03,https://prorenata.jp/posts/nursing-assistant-daily-schedule,看護助手 1日の流れ,jpn,DESKTOP,0,1,0.0,27.0
2026-01-03,https://prorenata.jp/posts/nursing-assistant-daily-schedule,看護助手 1日の流れ,jpn,MOBILE,0,1,0.0,28.0
2026-01-03,https://prorenata.jp/posts/nursing-assistant-essentials-checklist,看護助手 準備,jpn,DESKTOP,0,2,0.0,8.0
2026-01-03,https://prorenata.jp/posts/nursing-assistant-essentials-checklist,看護助手 準備,jpn,MOBILE,0,3,0.0,10.0
2026-01-03,https://prorenata.jp/posts/nursing-assistant-interview-prep,看護助手 面接,jpn,DESKTOP,0,2,0.0,45.0
2026-01-03,https://prorenata.jp/posts/nursing-assistant-interview-prep,看護助手 面接,jpn,MOBILE,0,2,0.0,47.0
2026-01-03,https://prorenata.jp/posts/nursing-assistant-interview-tips-compass,看護助手 自己pr,jpn,DESKTOP,0,1,0.0,13.0
2026-01-03,https://prorenata.jp/posts/nursing-assistant-interview-tips-compass,看護助手 自己pr,jpn,MOBILE,0,1,0.0,7.0
2026-01-03,https://prorenata.jp/posts/nursing-assistant-interview-tips-compass,看護助手 面接,jpn,DESKTOP,0,2,0.0,33.0
2026-01-03,https://prorenata.jp/posts/nursing-assistant-interview-tips-compass,看護助手 面接,jpn,MOBILE,0,2,0.0,34.5
2026-01-03,https://prorenata.jp/posts/nursing-assistant-interview-tips-compass,看護助手 面接 対策,jpn,DESKTOP,0,1,0.0,43.0
2026-01-03,https://prorenata.jp/posts/nursing-assistant-interview-tips-compass,看護助手 面接 対策,jpn,MOBILE,0,1,0.0,49.0
2026-01-03,https://prorenata.jp/posts/nursing-assistant-interview-tips-motivation,看護助手 自己pr,jpn,DESKTOP,0,1,0.0,32.0
2026-01-03,https://prorenata.jp/posts/nursing-assistant-interview-tips-motivation,看護助手 自己pr,jpn,MOBILE,0,1,0.0,28.0
2026-01-03,https://prorenata.jp/posts/nursing-assistant-interview-tips-motivation,看護助手 自己pr 例文,jpn,MOBILE,0,1,0.0,9.0
2026-01-03,https://prorenata.jp/posts/nursing-assistant-interview-tips-motivation,看護助手 面接 対策,jpn,DESKTOP,0,1,0.0,19.0
2026-01-03,https://prorenata.jp/posts/nursing-assistant-interview-tips-motivation,看護助手 面接 対策,jpn,MOBILE,0,2,0.0,28.0
2026-01-03,https://prorenata.jp/posts/nursing-assistant-interview-tips-support,看護助手 自己pr,jpn,MOBILE,0,1,0.0,52.0
2026-01-03,https://prorenata.jp/posts/nursing-assistant-interview-tips-support,看護助手 面接 対策,jpn,DESKTOP,0,1,0.0,30.0
2026-01-03,https://prorenata.jp/posts/nursing-assistant-medical-terms,看護 用語 よく使う,jpn,MOBILE,0,1,0.0,6.0
2026-01-03,https://prorenata.jp/posts/nursing-assistant-patient-transfer-safety,スト レッチャー 移送 看護,jpn,DESKTOP,0,1,0.0,49.0
2026-01-03,https://prorenata.jp/posts/nursing-assistant-resume-writing,看護助手 履歴書,jpn,DESKTOP,0,2,0.0,20.0
2026-01-03,https://prorenata.jp/posts/nursing-assistant-resume-writing,看護助手 履歴書,jpn,MOBILE,0,2,0.0,23.0
2026-01-03,https://prorenata.jp/posts/nursing-assistant-resume-writing,看護助手 履歴書 書き方,jpn,DESKTOP,0,1,0.0,13.0
2026-01-03,https://prorenata.jp/posts/nursing-assistant-resume-writing,看護助手 履歴書 書き方,jpn,MOBILE,0,1,0.0,14.0
2026-01-03,https://prorenata.jp/posts/nursing-assistant-resume-writing,看護助手 志望動機,jpn,DESKTOP,0,2,0.0,32.0
2026-01-03,https://prorenata.jp/posts/nursing-assistant-resume-writing,看護助手 志望動機,jpn,MOBILE,0,2,0.0,37.5
2026-01-03,https://prorenata.jp/posts/nursing-assistant-resume-writing,看護助手 職務経歴書,jpn,DESKTOP,0,1,0.0,28.0
2026-01-03,https://prorenata.jp/posts/nursing-assistant-resume-writing,看護助手 職務経歴書,jpn,MOBILE,0,2,0.0,30.0
2026-01-03,https://prorenata.jp/posts/nursing-assistant-resume-writing,看護助手 職務経歴書 書き方,jpn,DESKTOP,0,1,0.0,22.0
2026-01-03,https://prorenata.jp/posts/nursing-assistant-resume-writing,看護助手 職務経歴書 書き方,jpn,MOBILE,0,1,0.0,24.0
2026-01-03,https://prorenata.jp/posts/nursing-assistant-skillup-roadmap,看護助手 スキルアップ,che,MOBILE,0,1,0.0,1.0
2026-01-03,https://prorenata.jp/posts/nursing-assistant-stressful-relationships-solutions,看護助手 辛い,jpn,DESKTOP,0,2,0.0,15.0
2026-01-03,https://prorenata.jp/posts/nursing-assistant-stressful-relationships-solutions,看護助手 辛い,jpn,MOBILE,0,2,0.0,15.0
2026-01-03,https://prorenata.jp/posts/nursing-assistant-stressful-relationships-solutions,看護師 人間関係 辛い,jpn,DESKTOP,0,2,0.0,43.0
2026-01-03,https://prorenata.jp/posts/nursing-assistant-uniform-selection,看護助手 制服,jpn,DESKTOP,0,1,0.0,24.0
2026-01-03,https://prorenata.jp/posts/nursing-assistant-uniform-selection,看護助手 制服,jpn,MOBILE,0,1,0.0,28.0
2026-01-03,https://prorenata.jp/posts/nursing-assistant-uniform-selection,看護助手 服装,jpn,DESKTOP,0,1,0.0,24.0
2026-01-03,https://prorenata.jp/posts/nursing-assistant-uniform-selection,看護助手 服装,jpn,MOBILE,0,1,0.0,27.0
2026-01-04,https://prorenata.jp/posts/nursing-assistant-appeal-physical-strength,体力に自信はあるか 面接 バイト,jpn,MOBILE,0,1,0.0,2.0
2026-01-04,https://prorenata.jp/posts/nursing-assistant-become-nurse-guide,看護助手から看護師になるには,jpn,MOBILE,0,1,0.0,11.0
2026-01-04,https://prorenata.jp/posts/nursing-assistant-care-guide-approach,看護師 給料 上がる 2026,jpn,MOBILE,0,1,0.0,18.0
2026-01-04,https://prorenata.jp/posts/nursing-assistant-daily-schedule,看護助手 1日の流れ,jpn,DESKTOP,0,1,0.0,26.0
2026-01-04,https://prorenata.jp/posts/nursing-assistant-daily-schedule,看護助手 1日の流れ,jpn,MOBILE,0,1,0.0,25.0
2026-01-04,https://prorenata.jp/posts/nursing-assistant-essentials-checklist,看護助手 準備,jpn,DESKTOP,0,2,0.0,11.0
2026-01-04,https://prorenata.jp/posts/nursing-assistant-essentials-checklist,看護助手 準備,jpn,MOBILE,0,4,0.0,11.0
2026-01-04,https://prorenata.jp/posts/nursing-assistant-interview-prep,看護助手 面接,jpn,DESKTOP,0,1,0.0,45.0
2026-01-04,https://prorenata.jp/posts/nursing-assistant-interview-prep,看護助手 面接,jpn,MOBILE,0,1,0.0,45.0
2026-01-04,https://prorenata.jp/posts/nursing-assistant-interview-prep,看護助手 面接 対策,jpn,DESKTOP,0,1,0.0,32.0
2026-01-04,https://prorenata.jp/posts/nursing-assistant-interview-prep,看護助手 面接 対策,jpn,MOBILE,0,1,0.0,48.0
2026-01-04,https://prorenata.jp/posts/nursing-assistant-interview-tips-compass,看護助手 面接 対策,jpn,DESKTOP,0,1,0.0,44.0
2026-01-04,https://prorenata.jp/posts/nursing-assistant-interview-tips-motivation,看護助手 面接,jpn,DESKTOP,0,1,0.0,29.0
2026-01-04,https://prorenata.jp/posts/nursing-assistant-interview-tips-motivation,看護助手 面接,jpn,MOBILE,0,1,0.0,28.0
2026-01-04,https://prorenata.jp/posts/nursing-assistant-interview-tips-motivation,看護助手 面接 対策,jpn,DESKTOP,0,1,0.0,18.0
2026-01-04,https://prorenata.jp/posts/nursing-assistant-interview-tips-motivation,看護助手 面接 対策,jpn,MOBILE,0,1,0.0,36.0
2026-01-04,https://prorenata.jp/posts/nursing-assistant-interview-tips-pathway,看護助手 面接 対策,jpn,MOBILE,0,1,0.0,20.0
2026-01-04,https://prorenata.jp/posts/nursing-assistant-interview-tips-support,看護助手 志望動機,jpn,MOBILE,0,1,0.0,50.0
2026-01-04,https://prorenata.jp/posts/nursing-assistant-patient-transfer-safety,スト レッチャー 移送 看護,jpn,DESKTOP,0,1,0.0,49.0
2026-01-04,https://prorenata.jp/posts/nursing-assistant-patient-transfer-safety,ストレッチャー 使い方,jpn,MOBILE,0,1,0.0,16.0
2026-01-04,https://prorenata.jp/posts/nursing-assistant-resume-writing,看護助手 履歴書,jpn,DESKTOP,0,1,0.0,22.0
2026-01-04,https://prorenata.jp/posts/nursing-assistant-resume-writing,看護助手 履歴書,jpn,MOBILE,0,1,0.0,22.0
2026-01-04,https://prorenata.jp/posts/nursing-assistant-resume-writing,看護助手 履歴書 書き方,jpn,DESKTOP,0,2,0.0,15.0
2026-01-04,https://prorenata.jp/posts/nursing-assistant-resume-writing,看護助手 履歴書 書き方,jpn,MOBILE,0,1,0.0,16.0
2026-01-04,https://prorenata.jp/posts/nursing-assistant-resume-writing,看護助手 志望動機,jpn,DESKTOP,0,1,0.0,32.0
2026-01-04,https://prorenata.jp/posts/nursing-assistant-resume-writing,看護助手 志望動機,jpn,MOBILE,0,1,0.0,32.0
2026-01-04,https://prorenata.jp/posts/nursing-assistant-resume-writing,看護助手 職務経歴書,jpn,DESKTOP,0,1,0.0,28.0
2026-01-04,https://prorenata.jp/posts/nursing-assistant-resume-writing,看護助手 職務経歴書,jpn,MOBILE,0,1,0.0,30.0
2026-01-04,https://prorenata.jp/posts/nursing-assistant-resume-writing,看護助手 職務経歴書 書き方,jpn,DESKTOP,0,1,0.0,22.0
2026-01-04,https://prorenata.jp/posts/nursing-assistant-resume-writing,看護助手 職務経歴書 書き方,jpn,MOBILE,0,1,0.0,24.0
2026-01-04,https://prorenata.jp/posts/nursing-assistant-stressful-relationships-solutions,看護助手 辛い,jpn,DESKTOP,0,2,0.0,15.0
2026-01-04,https://prorenata.jp/posts/nursing-assistant-stressful-relationships-solutions,看護助手 辛い,jpn,MOBILE,0,1,0.0,15.0
2026-01-04,https://prorenata.jp/posts/nursing-assistant-work-reform-examples,看護師 働き方改革 事例,jpn,DESKTOP,0,1,0.0,44.0
2026-01-05,https://prorenata.jp/posts/nursing-assistant-become-nurse-guide,看護助手から看護師になるには,jpn,MOBILE,0,1,0.0,10.0
2026-01-05,https://prorenata.jp/posts/nursing-assistant-career-vision,看護師 転職 ワークショップ,jpn,DESKTOP,0,1,0.0,94.0
2026-01-05,https://prorenata.jp/posts/nursing-assistant-daily-schedule,看護助手 1日の流れ,jpn,DESKTOP,0,1,0.0,25.0
2026-01-05,https://prorenata.jp/posts/nursing-assistant-daily-schedule,看護助手 1日の流れ,jpn,MOBILE,0,1,0.0,26.0
2026-01-05,https://prorenata.jp/posts/nursing-assistant-essentials-checklist,看護助手 準備,jpn,DESKTOP,0,2,0.0,8.0
2026-01-05,https://prorenata.jp/posts/nursing-assistant-essentials-checklist,看護助手 準備,jpn,MOBILE,0,3,0.0,8.0
2026-01-05,https://prorenata.jp/posts/nursing-assistant-interview-prep,看護助手 面接,jpn,DESKTOP,0,1,0.0,44.0
2026-01-05,https://prorenata.jp/posts/nursing-assistant-interview-prep,看護助手 面接,jpn,MOBILE,0,1,0.0,45.0
2026-01-05,https://prorenata.jp/posts/nursing-assistant-interview-prep,看護助手 面接 対策,jpn,DESKTOP,0,1,0.0,41.0
2026-01-05,https://prorenata.jp/posts/nursing-assistant-interview-prep,看護助手 面接 対策,jpn,MOBILE,0,1,0.0,47.0
2026-01-05,https://prorenata.jp/posts/nursing-assistant-interview-prep,看護助手 面接 聞かれること,jpn,MOBILE,0,1,0.0,1.0
2026-01-05,https://prorenata.jp/posts/nursing-assistant-interview-tips-motivation,看護助手 自己pr 例文,jpn,MOBILE,0,2,0.0,9.0
2026-01-05,https://prorenata.jp/posts/nursing-assistant-interview-tips-motivation,看護助手 面接,jpn,DESKTOP,0,1,0.0,27.0
2026-01-05,https://prorenata.jp/posts/nursing-assistant-interview-tips-motivation,看護助手 面接,jpn,MOBILE,0,1,0.0,28.0
2026-01-05,https://prorenata.jp/posts/nursing-assistant-interview-tips-motivation,看護助手 面接 対策,jpn,DESKTOP,0,1,0.0,30.0
2026-01-05,https://prorenata.jp/posts/nursing-assistant-interview-tips-motivation,看護助手 面接 対策,jpn,MOBILE,0,1,0.0,34.0
2026-01-05,https://prorenata.jp/posts/nursing-assistant-interview-tips-pathway,看護助手 自己pr,jpn,MOBILE,0,1,0.0,10.0
2026-01-05,https://prorenata.jp/posts/nursing-assistant-interview-tips-pathway,看護助手 面接 対策,jpn,DESKTOP,0,1,0.0,14.0
2026-01-05,https://prorenata.jp/posts/nursing-assistant-interview-tips-pathway,看護助手 面接 対策,jpn,MOBILE,0,1,0.0,20.0
2026-01-05,https://prorenata.jp/posts/nursing-assistant-medical-terms,様子観察 略語,jpn,MOBILE,0,1,0.0,12.0
2026-01-05,https://prorenata.jp/posts/nursing-assistant-medical-terms,看護助手 略語,jpn,MOBILE,0,1,0.0,12.0
2026-01-05,https://prorenata.jp/posts/nursing-assistant-resignation-advice-insights,看護助手 辞めたい,jpn,DESKTOP,0,1,0.0,12.0
2026-01-05,https://prorenata.jp/posts/nursing-assistant-resume-writing,看護助手 履歴書,jpn,DESKTOP,0,1,0.0,22.0
2026-01-05,https://prorenata.jp/posts/nursing-assistant-resume-writing,看護助手 履歴書,jpn,MOBILE,0,1,0.0,21.0
2026-01-05,https://prorenata.jp/posts/nursing-assistant-resume-writing,看護助手 履歴書 書き方,jpn,DESKTOP,0,1,0.0,15.0
2026-01-05,https://prorenata.jp/posts/nursing-assistant-resume-writing,看護助手 履歴書 書き方,jpn,MOBILE,0,1,0.0,16.0
2026-01-05,https://prorenata.jp/posts/nursing-assistant-resume-writing,看護助手 志望動機,jpn,DESKTOP,0,1,0.0,39.0
2026-01-05,https://prorenata.jp/posts/nursing-assistant-resume-writing,看護助手 志望動機,jpn,MOBILE,0,1,0.0,33.0
2026-01-05,https://prorenata.jp/posts/nursing-assistant-resume-writing,看護助手 職務経歴書,jpn,DESKTOP,0,1,0.0,28.0
2026-01-05,https://prorenata.jp/posts/nursing-assistant-resume-writing,看護助手 職務経歴書,jpn,MOBILE,0,1,0.0,30.0
2026-01-05,https://prorenata.jp/posts/nursing-assistant-resume-writing,看護助手 職務経歴書 書き方,jpn,DESKTOP,0,1,0.0,32.0
2026-01-05,https://prorenata.jp/posts/nursing-assistant-resume-writing,看護助手 職務経歴書 書き方,jpn,MOBILE,0,1,0.0,22.0
2026-01-05,https://prorenata.jp/posts/nursing-assistant-stressful-relationships-solutions,看護助手 辛い,jpn,DESKTOP,0,1,0.0,15.0
2026-01-05,https://prorenata.jp/posts/nursing-assistant-stressful-relationships-solutions,看護助手 辛い,jpn,MOBILE,0,1,0.0,20.0
2026-01-05,https://prorenata.jp/posts/nursing-assistant-suitable-person-characteristics,看護助手 向いている人,jpn,DESKTOP,0,1,0.0,36.0
2026-01-05,https://prorenata.jp/posts/nursing-assistant-terminology-guide,看護助手 呼び方,jpn,MOBILE,0,2,0.0,1.0
2026-01-06,https://prorenata.jp/posts/nursing-assistant-essentials-checklist,看護助手 準備,jpn,DESKTOP,0,2,0.0,9.0
2026-01-06,https://prorenata.jp/posts/nursing-assistant-interview-prep,看護助手 面接,jpn,DESKTOP,0,1,0.0,44.0
2026-01-06,https://prorenata.jp/posts/nursing-assistant-interview-prep,看護助手 面接 聞かれること,jpn,MOBILE,0,3,0.0,1.0
2026-01-06,https://prorenata.jp/posts/nursing-assistant-interview-prep,看護助手 面接 逆質問,jpn,MOBILE,0,1,0.0,1.0
2026-01-06,https://prorenata.jp/posts/nursing-assistant-interview-tips-motivation,看護助手 面接,jpn,DESKTOP,0,1,0.0,27.0
2026-01-06,https://prorenata.jp/posts/nursing-assistant-interview-tips-pathway,看護助手 自己pr,jpn,MOBILE,0,1,0.0,9.0
2026-01-06,https://prorenata.jp/posts/nursing-assistant-latest-salary-comparison,看護助手 年収,jpn,DESKTOP,0,1,0.0,50.0
2026-01-06,https://prorenata.jp/posts/nursing-assistant-medical-terms,様子観察 略語,jpn,MOBILE,0,1,0.0,12.0
2026-01-06,https://prorenata.jp/posts/nursing-assistant-operating-room-duties,手術室 看護助手,jpn,MOBILE,0,1,0.0,17.0
2026-01-06,https://prorenata.jp/posts/nursing-assistant-operating-room-duties,看護助手 手術室,jpn,MOBILE,0,1,0.0,9.0
2026-01-06,https://prorenata.jp/posts/nursing-assistant-resume-writing,看護助手 履歴書,jpn,DESKTOP,0,1,0.0,21.0
2026-01-06,https://prorenata.jp/posts/nursing-assistant-resume-writing,看護助手 職務経歴書,jpn,DESKTOP,0,1,0.0,22.0
2026-01-06,https://prorenata.jp/posts/nursing-assistant-resume-writing,看護助手 職務経歴書 書き方,jpn,DESKTOP,0,1,0.0,19.0
2026-01-06,https://prorenata.jp/posts/nursing-assistant-role-responsibility-team,看護補助者の役割と責任範囲,jpn,MOBILE,0,2,0.0,1.0
2026-01-06,https://prorenata.jp/posts/nursing-assistant-stressful-relationships-solutions,看護助手 辛い,jpn,DESKTOP,0,2,0.0,14.5
